USE shop;

INSERT INTO users (id, email, password_hash, phone, created_at, updated_at) 
VALUES 
	(1,'runte.deontae@example.org','726bd104089ead12614b014d48cb06656e8bd034',88997022951,'1976-09-30 23:48:44','1985-04-25 23:53:32'),
	(2,'raymundo98@example.net','fb546c6f445f0ac881359689f89babf783147de0',85875328311,'1991-04-06 02:19:36','2019-02-25 17:25:00'),
	(3,'shanie34@example.org','c089a35120c4ec5cad7aee5d01e67867f51530b2',85357240245,'1979-10-14 11:25:42','2003-02-10 01:26:01'),
	(4,'nienow.buck@example.org','73461f992cd6cd8015ca269e3062e87567df0b47',87570556242,'1998-08-23 00:02:27','2019-09-13 13:35:46'),
	(5,'gabe.oreilly@example.org','9c30586d32ad71c4b1c920f070638b27a3627826',86311020830,'1975-06-05 14:37:12','2017-03-17 10:38:02'),
	(6,'hbreitenberg@example.com','0689987e67dd6a8a7180b7de945fcd49d8c37f52',82089356511,'1979-11-20 06:30:19','2021-01-01 22:28:20'),
	(7,'tschuppe@example.net','9b9a2141dee096ff1832083756939158dca92f28',83702164694,'2008-12-01 08:31:38','1986-04-07 18:13:02'),
	(8,'dlueilwitz@example.org','a7afb9d9db79ec21a74c5b832d2f590b61af848d',81803541939,'2020-04-10 21:47:41','1998-08-28 13:15:07'),
	(9,'laura.bauch@example.net','7298cf5e6dddd30baa6c0d39e248150756e472de',87255934503,'2005-09-05 22:59:17','1974-04-26 22:43:19'),
	(10,'isom.krajcik@example.com','05a3d3250fbabfdf3d534a50c224bd6c531c72f3',85085133544,'2012-04-15 03:05:57','2001-05-07 16:05:13'),
	(11,'swift.piper@example.com','4f25ac9e5e01359f08e6a7f3edb5b4e590ef72c0',82582216892,'1985-05-16 15:18:42','1984-04-19 22:39:58'),
	(12,'ernser.jessika@example.org','017762cc925212f47bd728168120db954d42225b',87474208584,'1994-10-04 19:03:36','1992-11-23 09:49:41'),
	(13,'auer.xavier@example.net','e9a28613f7848b465c86b012c0221b3729cd4b34',85719934196,'1989-08-03 02:48:29','2006-05-15 22:22:12'),
	(14,'xratke@example.org','0719559ae6c7da5e72102ab9f8081bc5f9175d57',82216822976,'2013-04-15 15:17:15','1990-01-20 02:37:59'),
	(15,'savion60@example.net','9d4ae8d8781071fb14017defa792583f6ce7f5f7',85161033838,'1997-02-21 15:50:28','1973-06-29 13:55:05'),
	(16,'maia00@example.org','88313952dd558868fee93bea57dd8934260b828f',88721313126,'1976-04-25 21:35:54','2004-01-31 07:51:23'),
	(17,'doyle.adriel@example.net','0b589b5d7cfd7ffd2161316027e1480eca4bb1e7',84549179070,'2019-08-20 16:56:58','1994-02-15 21:31:17'),
	(18,'hammes.margarette@example.com','4be916dc1960ab54c1be3c7fd36762ea5b12fd51',89216604301,'1998-10-21 23:13:35','1997-01-29 23:00:20'),
	(19,'hjerde@example.com','78cd44da20f9270192c19c679065f7f13610e708',85845685003,'2013-04-01 03:03:56','1977-02-25 01:08:51'),
	(20,'little.chloe@example.org','f0eddcd326ad7b722104eb6eaf23d1ac8985e46a',81250267406,'2018-12-14 18:37:45','2009-11-01 08:43:34'),
	(21,'jimmy.herman@example.com','3e506987d1a7977fac9e90cd4bfdd022e06dbc93',84386030870,'1980-07-11 08:18:22','1993-04-16 21:43:36'),
	(22,'bstamm@example.net','0cd8763fed3e21ce847d327c98b91c338c4e393e',86019001806,'1972-07-09 04:31:18','1994-04-13 03:58:25'),
	(23,'raynor.karlee@example.net','df5ca83e114f346b864635342468fece89513589',87436991719,'2020-01-15 18:21:26','1989-09-22 10:15:06'),
	(24,'gerson25@example.org','f96d9f66be5d5e740866f8cfc29b65743f5dbb30',83785694010,'1972-06-14 09:07:23','1992-09-24 13:02:53'),
	(25,'eweissnat@example.org','3bddca9bb5630f7e169cc65271c9f58a15640a59',89130881954,'1990-02-15 05:32:52','1982-01-15 06:49:32'),
	(26,'eleonore.dooley@example.net','f5065fd98b71f0c81ebd9d5e694fd1da1fe5d5eb',88594865718,'1984-11-16 19:05:39','1986-05-30 23:02:55'),
	(27,'zwillms@example.net','8293f37b58b193ec7088dd6e0fa261ec261700b9',88226176666,'1974-03-11 15:19:27','2005-01-05 03:58:08'),
	(28,'douglas.tina@example.net','efc358705af1c36ecb8f53f825b41d876e747dd8',84183106545,'2007-04-16 04:02:36','1971-11-04 14:04:57'),
	(29,'mmills@example.org','b09a00c8aa86e0af8305edc09cfabab26729181f',82277943805,'2021-03-05 16:16:28','2018-08-03 19:58:53'),
	(30,'robin.rowe@example.net','f8d5213ade07fb14068ccafadf053af6b565df37',84820643740,'1995-11-03 05:05:15','1991-12-24 14:55:18'),
	(31,'shayna.toy@example.com','7868911a0177ba6e4c0e1cdca75dd3c97465f4f0',84410402204,'2008-06-17 21:30:33','2006-06-09 19:37:01'),
	(32,'ward.sydnee@example.org','fb50ebcaf3b03e1bb2e6702bafbf59c893b828c0',80373630650,'1975-02-13 14:31:23','2010-07-24 19:40:37'),
	(33,'kayli.kassulke@example.org','73c07cd85784cd61b890a53ab92b8ea53f7fc89e',87958279288,'2007-12-08 19:43:23','1998-08-23 03:15:49'),
	(34,'eunice18@example.net','aababbc45cbcc7b1490b552445c35ab7d4bba9c8',88049313131,'1971-03-10 20:25:18','1986-04-06 19:41:08'),
	(35,'olen46@example.org','bf2aae6d0de5577d731880e631de4e5165414c20',84237954707,'2012-09-20 23:24:26','1994-08-14 04:23:25'),
	(36,'boehm.pink@example.com','8710e03d769c0fe9d5cc7ce30b3a25bb75ea5b04',82805031222,'1982-10-28 05:08:08','2001-05-10 15:50:05'),
	(37,'evelyn.olson@example.net','be5c99ccc2eeec5735595d6c85856fca33c65173',86883444207,'2013-11-23 00:50:49','1998-04-17 11:12:22'),
	(38,'lisa95@example.com','616dd3fb473af1d29f589819564ca68700a8bf1f',89432469903,'2011-02-09 02:11:28','2010-06-18 21:06:38'),
	(39,'scollier@example.net','52633623f8fb59e3178cd17f9fbc98d890d7308e',87445949039,'1982-05-26 16:24:02','1980-03-18 09:39:08'),
	(40,'ashley.langosh@example.com','8ff5a2686c8302bcdcce9a5448eb9f0170e8d1cb',85853229065,'2022-02-24 20:12:13','2008-04-21 21:25:12'),
	(41,'flavio25@example.com','0f7132dfd29a47fcdebf27a635395187d4b9992f',89859910574,'1979-09-24 18:18:47','2017-03-17 16:47:43'),
	(42,'marie06@example.net','62afce909cc51fae36cbd629ad0bdc19038c533d',80386985019,'1998-02-24 01:14:48','2005-09-20 04:08:17'),
	(43,'kshlerin.cullen@example.org','cd2d14502ffc951e181b18f9647744452c912873',80672403276,'1970-10-20 06:07:02','1970-07-23 16:00:31'),
	(44,'mable38@example.net','28ee7e16491460ca6c8eb9ae4e54abaace403c87',87545226899,'1987-01-04 00:14:29','2011-02-21 03:05:02'),
	(45,'mitchell.jakob@example.net','0943329f5e1cdad10d98af33840a54b416164d53',87841185786,'2010-02-06 03:28:59','1996-08-03 14:45:38'),
	(46,'equitzon@example.com','7f68bf500e33d9f7795b5d0fcf0f15d5bb9ec2c5',85646070970,'2021-08-26 00:33:00','1989-09-11 02:59:49'),
	(47,'crist.iliana@example.org','6ba2ca806c6f0854881e95136684ab1a8c008fba',85935126326,'1996-02-05 11:51:28','1977-05-13 10:01:34'),
	(48,'parker.savannah@example.org','862601ee2bbe105505600850758c4e80c05f4d84',88303219851,'2001-08-07 19:31:42','2022-03-30 20:08:21'),
	(49,'jaron80@example.org','6d6bc12139b0e61813df3a2947b690bee08489ff',89328966144,'1993-07-11 03:27:51','2006-08-17 09:13:36'),
	(50,'erdman.delilah@example.net','b4d55cf09a810b9ef5b2781b7b1d158ff0c0838c',87426464388,'1986-05-18 05:01:37','1986-02-27 10:14:23'),
	(51,'kbode@example.org','571c2cdbc68bd226b4955a7090b203afd833a566',89997897687,'1985-10-20 05:47:09','1988-02-07 20:27:06'),
	(52,'tracy58@example.com','fe312015a6d2a61d4cd8fef642da830931758c10',81301832167,'1991-09-02 11:11:00','2017-02-27 13:14:41'),
	(53,'ericka42@example.net','14e1d174ec38fba7862ffbf1fe75deff5581318c',86509138902,'2015-06-13 16:01:00','1976-11-09 12:17:06'),
	(54,'bbins@example.net','3f191a09d4ea643489cb59ee65dbe960b74368ec',85946024710,'1998-01-06 02:01:45','2010-08-09 01:39:45'),
	(55,'lgleichner@example.net','2eb5f33d88e3cd6da1627c1debfcd1a2a9f0b229',88942089792,'1995-10-23 17:40:54','1979-02-26 18:29:51'),
	(56,'dbauch@example.org','5a700d9f2d30c11c70b502522df5726f24b18b26',85411408280,'2020-11-09 10:33:49','1978-12-25 06:14:50'),
	(57,'vena75@example.com','dbddbae8d431d02290eacd088b590a9a2f8415a3',85386004073,'1991-02-24 22:33:46','1973-09-07 13:49:45'),
	(58,'devon.kuvalis@example.net','159daf3ffccbd7043ce0fa630a4fb0b700f27161',82476498504,'2020-07-21 02:58:02','1985-07-11 09:04:44'),
	(59,'juston.cormier@example.com','e0fb2e7728695f1587aad37ad0ccfee39002a184',82069269615,'1999-07-14 19:34:29','1998-03-31 20:41:28'),
	(60,'elmo67@example.net','6f6baa108cbcc877ee8c768a01911eca9b78c699',85105691792,'1976-05-10 03:31:45','1984-09-25 01:13:01'),
	(61,'gjacobs@example.com','e325f317873279808338e6504f6a049b45066438',80833352083,'2004-12-17 20:30:00','1978-06-19 19:15:57'),
	(62,'yohara@example.org','c5fd1e6a81b94aa55a6706dd9e160cbc55206ae0',81937797038,'1992-10-24 16:19:21','1971-12-28 09:52:27'),
	(63,'schiller.douglas@example.org','cbc89a14d51d504a2e94f66d0767ba3348bfff1d',85469541924,'1987-05-01 03:25:45','2004-12-06 01:48:25'),
	(64,'myron.hayes@example.com','ad4e36e4832ebe0c28660289d4aaed10b64c66ea',80988147669,'1976-10-30 09:21:37','1972-11-19 04:31:19'),
	(65,'evert77@example.com','2ae0b6820d5b4d412f98ee879ecd0f03535c4668',86079148550,'1984-10-04 09:13:28','1979-03-12 11:58:14'),
	(66,'ollie85@example.net','ab2ab0b0f89029f8dd1d70187b52a55894a63edc',83824523260,'1970-06-29 18:00:35','1973-05-01 01:03:53'),
	(67,'laron.mayer@example.org','77ae9fb0c195174ff431ce7630667f9f8a5615f0',80622824100,'2020-12-17 20:47:44','1991-04-03 14:00:17'),
	(68,'weber.roxanne@example.net','34a63771c636cc4ad3c4e721b9ac92feb8af70fd',81442434569,'1983-04-14 04:10:18','2008-01-31 11:37:40'),
	(69,'schamberger.wilburn@example.com','f72cef1811ace62985c0d805ac2682e3d623deea',87332699595,'1992-01-07 15:54:40','1987-05-30 09:01:22'),
	(70,'kemmer.raleigh@example.net','cd1f94505bf42afdaea5c2bf17d55b16ea1893de',86124634684,'1978-06-08 02:03:13','1983-06-27 15:29:19'),
	(71,'trenton.fadel@example.com','888769be41637af0f8c3711721ba65d86233adea',86265760751,'2000-10-03 09:56:59','1972-09-24 16:24:01'),
	(72,'hauer@example.org','4c36c41fc5aa1c12fd07509a2acec1d1de12fc8b',85729286663,'1986-05-16 13:44:33','1980-10-20 14:30:40'),
	(73,'anita44@example.com','c8bcb8330caa410023083bc36ea3f9b2c05c1d26',81447448303,'2004-07-17 12:01:14','1976-06-05 02:23:44'),
	(74,'destany52@example.net','296c7a30dd499c462e9cef97a7ee28b7e90b3120',81673041224,'1986-11-17 15:11:07','2005-06-09 13:28:31'),
	(75,'botsford.oliver@example.org','371ab39b9f8a8028b0eac9207e949ed50c62eb46',81863760665,'2010-09-07 15:55:47','1994-11-09 05:05:22'),
	(76,'zemlak.jaden@example.com','47e584030ff15fd6f9dbdd9d370717d8404609ae',86475839049,'1972-09-26 13:57:25','1986-03-05 22:47:44'),
	(77,'barrows.austin@example.org','4fab5b9acf59e72c4462ae573f0b24bc9c4d7460',80088691260,'1989-04-10 22:00:34','1985-12-15 04:16:40'),
	(78,'layla.gottlieb@example.com','a74852e75a9c452b722264b5ec383a0f83e17a8f',88781595741,'2019-09-22 21:20:07','1975-03-20 23:13:41'),
	(79,'vbogisich@example.net','7005d1ab2e4dfd0c7222738c87966e8d5f8a9377',82183991127,'1994-08-15 02:10:56','1974-02-14 07:16:32'),
	(80,'denesik.jarvis@example.net','a385c4213d8426b6668ac0011e1b433e77b8b11f',80202796436,'2018-11-21 15:16:17','1979-05-26 19:32:37'),
	(81,'rtoy@example.net','0114e14ac18c64641d0016efcd18210c58d3664b',88543218922,'2014-06-06 07:18:09','2012-06-14 09:28:59'),
	(82,'ryder.stroman@example.net','3e2837050cc7c17809945fdb6f77fc70ef846cd9',81832755362,'2006-03-13 13:01:21','2015-12-06 19:08:43'),
	(83,'lziemann@example.org','31eded49556a9cbe3b6e25dfca0a4c7145519bfc',86341578986,'1992-01-17 18:46:12','1980-05-31 14:29:11'),
	(84,'adela.kling@example.net','57921e58900a24f55d6cceeb04bda1e4c58ea009',81292682118,'1974-09-06 22:19:24','2005-10-22 13:00:53'),
	(85,'xleannon@example.org','73591b399cd39fd121f3167f0620a6ddffba43d8',86108921000,'1995-03-21 20:00:28','2003-01-20 16:54:37'),
	(86,'hartmann.krista@example.com','605ef629f5703993742cd1f3136de9c50313ea04',85042171038,'1998-12-28 18:12:55','1990-12-08 21:18:13'),
	(87,'fanny.lakin@example.net','834d625abf71591c83685483a4dcbb035a3def69',87408893740,'1975-02-05 09:21:57','1992-11-09 19:56:01'),
	(88,'laisha24@example.org','7a04b4a05cee7143cd3be6c50ba1b92a46a6b520',83338296140,'1982-03-02 00:34:35','1993-06-18 20:03:06'),
	(89,'zpagac@example.org','6f7a7d9c75cee795862f291a9dd9a2a248037390',89642827128,'2002-12-01 21:00:42','2018-10-24 03:53:24'),
	(90,'anita.boyle@example.net','5a02ab4cd5ed6e4e001e16854cfd5215f1650d5a',88984936297,'1989-01-23 22:23:57','1975-05-05 09:02:28'),
	(91,'claudine.sawayn@example.net','54887f8274c25c63732197e1a47b7e6657ec303a',89481482435,'2001-08-14 13:41:23','2000-11-04 07:12:35'),
	(92,'ozella68@example.org','a8b9c6f1fdf4c0da3fbc0dd4fc70c41daed595d5',80942587317,'2012-10-05 20:39:12','1994-06-21 08:24:19'),
	(93,'ken.purdy@example.net','415af62a15e2b92fb1bc8526ef1af616fe531ec2',81043081037,'1973-07-26 09:45:06','2021-03-15 15:35:11'),
	(94,'destiny.schinner@example.org','f316a9d000a7505c5cb92d6474df9ec1546eb683',88289327201,'1981-09-10 01:51:11','2006-11-23 23:09:05'),
	(95,'peggie46@example.org','43245d1bd3578cbff7127b7b1df03559acef6342',83266595170,'1975-08-04 07:05:00','1984-07-18 18:30:25'),
	(96,'ondricka.alice@example.org','ee315729cf5988be87594baef3060308380fe04d',86878904908,'2005-11-13 20:32:51','2020-11-21 19:55:49'),
	(97,'hayes.sarah@example.com','3f7d9fa11e5ab99e5902b517e537458b44bb9a64',80448564794,'2010-11-08 21:33:45','2020-11-23 10:08:30'),
	(98,'virgil.murphy@example.com','5ebbf80d7f91a1630230d712bd7679a14f5476ba',82950607688,'1989-11-08 18:12:21','1985-01-10 14:06:46'),
	(99,'rita57@example.com','81fdef0d07e65982e3d5fd13f5a3e496500264cf',89097099275,'1991-05-29 11:04:04','1984-07-12 00:02:18'),
	(100,'willms.deven@example.net','17994dcf80df3a2e6921a3583e3a2aa14a36324e',86993534325,'1972-09-10 05:43:10','2018-04-01 18:56:57');

INSERT INTO photos (id, filename, created_at, updated_at) 
VALUES 
	(1,'uttfmo.jpg','2016-03-18 10:04:16','1977-11-29 19:50:28'),
	(2,'utcodj.jpg','1971-04-22 07:13:12','2011-06-24 17:28:21'),
	(3,'dzjgcs.jpg','2020-06-01 02:58:06','1985-12-08 02:05:19'),
	(4,'bbagid.jpg','1984-08-14 11:55:19','1980-10-24 13:59:57'),
	(5,'suseis.jpg','2012-05-16 17:36:26','1998-10-05 03:15:57'),
	(6,'begluc.jpg','1994-07-02 03:45:15','2020-02-20 06:07:27'),
	(7,'dsjlwu.jpg','1982-03-17 23:01:50','1982-09-12 19:39:43'),
	(8,'sdqmvf.jpg','2002-10-13 18:35:51','1979-01-01 02:34:16'),
	(9,'sbbkqj.jpg','1978-04-17 06:14:31','1979-06-07 00:07:34'),
	(10,'wdoybs.jpg','2007-12-31 22:27:53','2014-06-30 22:13:48'),
	(11,'hltusx.jpg','2007-05-15 04:16:20','2012-11-28 12:25:26'),
	(12,'qkpmue.jpg','2019-05-05 14:45:14','2013-10-23 09:11:34'),
	(13,'lsebsr.jpg','1973-08-22 12:06:01','1977-11-12 23:58:05'),
	(14,'flxrvg.jpg','2017-12-10 11:06:59','1994-10-29 14:22:54'),
	(15,'iaedwh.jpg','2013-11-02 00:42:40','2008-06-24 19:31:08'),
	(16,'nwkgal.jpg','2018-08-04 01:11:52','1987-02-28 08:25:42'),
	(17,'xacurp.jpg','1993-06-15 02:17:37','2017-09-02 11:20:11'),
	(18,'wipcss.jpg','1989-01-07 16:02:03','1984-06-30 14:48:29'),
	(19,'jhjlmh.jpg','1987-07-08 16:51:10','1983-11-03 08:06:11'),
	(20,'hokgew.jpg','1980-07-14 14:03:06','1980-02-16 06:44:55'),
	(21,'ewnnxi.jpg','1985-05-02 17:18:17','2018-01-25 04:09:53'),
	(22,'ucnbuw.jpg','2005-10-23 03:30:58','2015-06-10 01:19:04'),
	(23,'ceiqoq.jpg','2006-11-13 03:43:54','1973-12-11 04:41:07'),
	(24,'cukydj.jpg','1992-07-17 23:47:06','1986-10-07 01:58:24'),
	(25,'ospvca.jpg','1991-02-12 23:26:17','2019-02-13 03:26:15'),
	(26,'hunjgt.jpg','1978-02-17 07:54:01','2005-12-03 11:55:40'),
	(27,'vwxibu.jpg','1990-04-22 20:47:39','2002-02-02 00:51:01'),
	(28,'uamohh.jpg','2006-03-13 05:08:04','2008-11-20 00:45:46'),
	(29,'lpdtiy.jpg','1988-06-20 05:08:46','1991-06-09 05:56:02'),
	(30,'acfeaf.jpg','1994-10-28 18:44:53','2005-08-07 05:57:56'),
	(31,'ndieev.jpg','1987-06-09 14:55:20','1991-08-31 01:55:57'),
	(32,'dysjga.jpg','1975-07-12 11:51:44','1978-07-05 18:36:57'),
	(33,'skeebp.jpg','2020-12-23 08:30:01','1976-10-25 13:58:38'),
	(34,'yqtgdd.jpg','1974-03-31 05:04:52','2013-03-17 13:25:00'),
	(35,'kngdit.jpg','2021-04-22 23:51:25','1988-02-08 00:33:29'),
	(36,'jdcdih.jpg','2012-04-29 11:30:55','1972-03-29 22:56:41'),
	(37,'fqlvob.jpg','2011-04-27 12:12:38','1970-01-09 14:06:37'),
	(38,'zighli.jpg','2010-10-05 23:11:28','2009-09-01 23:56:24'),
	(39,'zsknme.jpg','1973-09-13 04:56:32','1996-02-29 19:42:29'),
	(40,'wmhwuh.jpg','2019-03-05 07:33:38','1976-05-24 22:30:35'),
	(41,'vqehrd.jpg','1990-05-16 23:44:30','1991-10-10 19:36:45'),
	(42,'lkudwz.jpg','2007-08-01 01:50:43','1975-05-27 11:49:13'),
	(43,'pbwsyj.jpg','1972-11-27 13:42:38','1989-10-09 23:54:16'),
	(44,'rpouyu.jpg','2018-06-18 22:06:17','2003-05-29 05:19:28'),
	(45,'xxqnxm.jpg','1976-07-29 07:54:09','1978-01-12 03:34:07'),
	(46,'eawhpt.jpg','1982-03-24 22:49:24','2019-06-06 20:46:52'),
	(47,'jfixme.jpg','1987-11-27 13:14:45','1997-02-12 11:21:18'),
	(48,'iddnsc.jpg','1977-07-26 17:14:02','1982-03-03 00:53:55'),
	(49,'tomtcc.jpg','1989-06-18 02:01:14','2011-04-24 00:01:27'),
	(50,'uzdoyk.jpg','1978-10-27 01:37:13','2003-03-18 15:27:23'),
	(51,'liynqb.jpg','2001-04-04 18:29:21','1970-10-05 16:53:03'),
	(52,'dnagsc.jpg','2017-06-05 23:08:49','1982-04-02 21:30:38'),
	(53,'exbzqz.jpg','1986-08-10 04:21:06','1979-06-24 00:54:02'),
	(54,'qodsga.jpg','2011-12-13 16:37:36','2005-04-24 05:46:36'),
	(55,'djxybi.jpg','1997-02-03 09:37:26','1985-07-06 14:34:28'),
	(56,'dkaduk.jpg','2004-10-16 13:02:53','2012-05-03 07:27:27'),
	(57,'osvqfb.jpg','1981-01-22 13:26:07','2004-12-04 05:35:27'),
	(58,'rgskfr.jpg','2020-04-16 01:43:22','1981-12-05 04:24:18'),
	(59,'bsdcdq.jpg','1983-05-09 07:39:51','1983-02-08 11:19:22'),
	(60,'szthuc.jpg','1995-08-05 20:17:59','1979-06-21 14:21:46'),
	(61,'xeknjg.jpg','1988-07-01 01:00:19','1977-08-14 00:38:03'),
	(62,'ipvbhz.jpg','1992-05-24 19:18:38','1999-04-08 13:35:04'),
	(63,'fanoir.jpg','2008-11-28 23:47:40','2012-02-23 21:10:02'),
	(64,'tfdjji.jpg','1978-03-27 01:45:05','2012-07-18 22:05:06'),
	(65,'fprndj.jpg','2009-05-29 03:50:23','2006-01-22 23:31:48'),
	(66,'hkghaz.jpg','2019-10-27 17:40:23','2018-08-26 04:20:56'),
	(67,'syhult.jpg','1999-01-17 23:59:30','2004-11-11 00:15:25'),
	(68,'jmvuhi.jpg','1997-07-13 06:59:02','1977-05-25 15:44:31'),
	(69,'vscqsd.jpg','1995-04-29 14:34:52','2019-02-18 04:58:45'),
	(70,'xigccr.jpg','1999-08-18 14:24:17','2008-08-20 12:39:14'),
	(71,'ewbdrp.jpg','2010-12-25 17:33:22','1976-10-04 21:02:46'),
	(72,'rknbxk.jpg','1979-08-14 04:51:53','2004-01-22 21:59:57'),
	(73,'fgrcpu.jpg','1976-11-29 15:50:04','1994-03-13 10:24:28'),
	(74,'dntuyu.jpg','1996-04-13 07:31:19','2005-10-31 12:59:44'),
	(75,'vdjhuk.jpg','2015-01-11 16:13:44','1992-06-08 07:44:25'),
	(76,'indzbh.jpg','1998-04-17 23:21:21','2018-12-21 18:45:45'),
	(77,'uuawxv.jpg','1998-10-18 03:49:52','1993-03-14 14:33:25'),
	(78,'ekxxfn.jpg','2020-11-30 21:50:09','2003-06-19 15:25:41'),
	(79,'vwmrdl.jpg','2021-05-26 08:37:02','1985-02-14 16:52:14'),
	(80,'khtkhc.jpg','1997-01-22 13:09:40','1989-11-06 06:09:55'),
	(81,'lbjfko.jpg','2010-12-03 05:04:28','2014-05-14 21:30:03'),
	(82,'unhlac.jpg','1978-01-09 12:56:07','2014-02-16 05:00:30'),
	(83,'rzzwmy.jpg','1981-09-01 08:51:15','1977-09-18 10:12:18'),
	(84,'msnsvz.jpg','1991-06-03 21:59:19','2011-09-02 07:16:20'),
	(85,'uylzrb.jpg','1982-09-18 03:03:07','2022-02-05 19:11:54'),
	(86,'ufueub.jpg','1982-08-09 21:29:31','1989-09-25 11:41:07'),
	(87,'mxstce.jpg','2015-06-09 11:59:41','2017-01-15 16:32:03'),
	(88,'wcifio.jpg','1985-02-12 04:34:10','1977-01-28 03:52:48'),
	(89,'ehlkxc.jpg','1984-11-08 20:12:29','1970-08-08 19:47:18'),
	(90,'ohqrvq.jpg','2012-06-27 14:50:37','1985-03-14 05:40:17'),
	(91,'idbdzm.jpg','1988-01-03 11:45:55','1974-10-11 18:44:54'),
	(92,'rgvill.jpg','1996-01-28 22:51:26','1990-09-11 01:05:03'),
	(93,'lcihce.jpg','2002-01-01 05:56:49','2015-02-06 03:36:54'),
	(94,'vduebh.jpg','1988-09-11 01:30:59','2002-06-28 03:14:39'),
	(95,'waebmp.jpg','1976-07-22 19:32:49','1973-03-13 22:56:35'),
	(96,'yfzqkb.jpg','1986-12-16 20:38:34','2001-10-31 09:15:39'),
	(97,'mkedxa.jpg','1982-05-03 07:18:48','2010-11-11 08:25:34'),
	(98,'uehqyc.jpg','1976-04-29 19:31:30','1988-06-28 20:54:54'),
	(99,'wewqkg.jpg','2000-07-19 07:11:52','1988-07-01 12:20:11'),
	(100,'ebzngh.jpg','2019-09-28 00:35:03','1978-09-08 07:56:01'),
	(101,'agybzg.jpg','2002-12-24 10:34:40','1970-12-08 22:28:57'),
	(102,'omglvk.jpg','2002-08-07 12:03:27','2004-10-11 22:25:24'),
	(103,'xmucgm.jpg','1970-07-25 12:02:35','2000-09-14 02:39:27'),
	(104,'kvrsdl.jpg','1990-04-20 23:21:08','2004-03-27 13:09:04'),
	(105,'jghwpn.jpg','1987-02-16 16:53:00','1995-12-08 16:27:12'),
	(106,'penhzg.jpg','2016-05-28 23:45:14','1982-03-10 21:46:23'),
	(107,'ycvydc.jpg','1984-07-19 19:57:13','2013-08-18 09:42:59'),
	(108,'zpyaln.jpg','1998-04-07 21:14:43','1990-08-06 20:02:27'),
	(109,'rxfpkq.jpg','1990-02-24 18:16:04','2017-06-24 03:57:21'),
	(110,'txcaxe.jpg','2017-07-25 17:40:11','2002-09-30 13:01:04'),
	(111,'pslyqo.jpg','1996-11-25 17:06:06','1978-04-15 16:21:39'),
	(112,'gcfnhl.jpg','1990-10-14 18:28:07','1976-08-07 11:24:15'),
	(113,'uzvaji.jpg','1982-04-09 17:21:14','1978-12-19 02:56:35'),
	(114,'fzdieg.jpg','1971-12-17 19:35:47','1993-08-29 20:51:40'),
	(115,'ofkzko.jpg','1989-07-13 16:58:03','2018-12-19 19:14:13'),
	(116,'plzqkq.jpg','1989-02-16 03:52:19','1995-03-25 07:31:16'),
	(117,'vfktnl.jpg','1998-10-26 18:43:02','1982-01-31 15:03:14'),
	(118,'bnyjhz.jpg','1996-05-28 03:08:48','2015-07-29 04:18:55'),
	(119,'jrxckr.jpg','1973-05-08 16:03:14','2004-02-05 17:28:20'),
	(120,'jyogvs.jpg','1978-01-02 18:49:51','1973-12-26 22:03:19'),
	(121,'gcfoip.jpg','1990-12-05 09:25:40','1991-07-17 14:41:41'),
	(122,'esznad.jpg','1980-02-20 08:37:24','2004-12-26 10:45:56'),
	(123,'basytn.jpg','2006-05-04 00:52:16','1976-02-15 05:44:57'),
	(124,'idshau.jpg','2017-04-02 11:15:57','2017-02-04 20:51:25'),
	(125,'nqamgn.jpg','2014-11-01 13:37:02','2018-09-12 10:06:31'),
	(126,'zgaggp.jpg','1995-08-03 04:54:32','2017-06-12 19:52:18'),
	(127,'vjcwln.jpg','1975-04-04 07:28:49','2014-12-12 16:31:10'),
	(128,'nfgaqk.jpg','1974-04-16 21:24:35','2019-04-06 20:39:25'),
	(129,'mzeqmw.jpg','1984-12-06 07:52:17','1988-09-12 14:30:00'),
	(130,'fqyrwg.jpg','1988-02-13 17:56:18','1978-11-02 21:27:13'),
	(131,'sgdwky.jpg','2018-06-21 03:10:50','2005-12-25 02:30:02'),
	(132,'caxyvv.jpg','1984-07-26 23:26:56','1983-06-14 12:43:24'),
	(133,'xxfkqb.jpg','1998-11-24 22:05:10','1996-08-06 05:45:40'),
	(134,'baymni.jpg','2021-05-20 00:35:22','1999-06-13 02:00:42'),
	(135,'ybysvf.jpg','1981-07-12 01:54:11','2019-10-15 13:56:41'),
	(136,'zfmguo.jpg','1993-10-01 16:40:47','2019-05-06 11:01:14'),
	(137,'floziu.jpg','1977-02-19 20:01:30','1990-12-08 22:41:46'),
	(138,'zinlir.jpg','1989-12-19 11:29:25','2016-07-26 03:02:28'),
	(139,'qjgnay.jpg','1996-07-07 03:44:48','1971-03-06 11:27:47'),
	(140,'gccyzk.jpg','1992-05-30 07:20:23','2018-05-20 02:23:45'),
	(141,'merqtg.jpg','2007-07-01 04:09:28','1999-08-17 05:30:53'),
	(142,'qiwhyv.jpg','2013-06-22 16:41:41','1997-12-20 01:26:58'),
	(143,'exuvrq.jpg','2021-06-02 16:55:50','1973-11-03 20:38:23'),
	(144,'yxafaz.jpg','2000-05-04 19:46:56','2001-12-16 06:51:24'),
	(145,'gpfjcw.jpg','2006-04-11 16:09:25','1978-07-02 20:42:30'),
	(146,'daowfg.jpg','2007-06-02 12:34:22','2011-12-11 23:23:59'),
	(147,'ogloru.jpg','1991-06-30 15:43:17','1994-07-14 12:21:01'),
	(148,'acrqne.jpg','2009-11-22 16:26:06','1975-12-07 11:40:26'),
	(149,'fjjchw.jpg','1976-03-02 03:07:16','1998-10-04 06:15:31'),
	(150,'oclrmq.jpg','2007-04-24 17:07:06','2001-09-06 18:50:02');

INSERT INTO profiles (user_id, firstname, lastname, photo_id, birthday, address, created_at, updated_at)
VALUES 
	(1,'Jettie','Pagac',126,'1985-10-24','3313 Beatty Stravenue Suite 991\nMullermouth, WV 94776-3852','1990-01-02 01:11:00','1993-11-09 03:15:09'),
	(2,'Maybell','Kutch',110,'2010-10-06','207 Bettie Overpass\nHicklehaven, TN 42065-1130','2001-01-15 02:20:02','1993-11-08 15:05:10'),
	(3,'Eldora','Schmeler',43,'1971-11-09','62922 Adrian Square Apt. 347\nRebecabury, NE 84365-1392','1976-07-16 04:11:45','2013-12-19 20:36:55'),
	(4,'Beau','Veum',83,'2017-01-10','107 Boyle Flat Apt. 636\nJacobsonshire, VT 25488-1487','2017-12-02 07:26:27','1996-01-19 23:55:12'),
	(5,'Jerod','Glover',107,'2001-08-31','608 Libby Parkway\nWunschhaven, CO 31723','2008-11-25 16:04:45','1987-04-13 17:11:32'),
	(6,'Mack','Lubowitz',118,'2007-02-19','85801 Roosevelt Common\nDawsonside, WV 95924-0661','1972-11-22 08:36:23','2012-11-26 10:01:00'),
	(7,'Jannie','Shanahan',74,'2000-11-13','83176 Mayert Mount Suite 635\nNorth Rocioberg, FL 95302','1983-07-08 00:01:26','1997-01-13 03:23:52'),
	(8,'Johnson','Jacobi',128,'1994-05-11','1348 Kshlerin Viaduct Suite 568\nLake Madge, SC 37026','1993-12-13 03:49:37','2006-03-18 15:37:20'),
	(9,'Judy','Muller',146,'1988-09-16','69555 Nadia Station\nNorth Alvisport, MT 79260-2893','1977-01-27 02:57:04','2001-01-31 23:42:45'),
	(10,'Hoyt','Jakubowski',124,'1992-06-04','06913 Shawna Turnpike Suite 900\nWest Isaias, NC 58442','1980-10-14 13:16:15','1989-01-31 05:04:14'),
	(11,'Vena','Keeling',106,'2008-09-24','376 Clara Burg\nNorth Nelshaven, MO 76807','2001-10-30 11:17:00','2007-08-05 08:58:30'),
	(12,'Lizzie','Rohan',9,'2002-09-15','127 Conner Land Suite 179\nWaelchibury, ND 50990','1971-04-09 18:34:18','1998-05-23 08:16:50'),
	(13,'Henry','Fahey',86,'2021-02-05','981 Lebsack Ranch Suite 944\nElverahaven, MT 53451-5493','2014-04-26 06:52:14','1994-10-03 01:41:49'),
	(14,'Aliyah','Ondricka',83,'2005-01-19','802 Terrill View Suite 895\nSouth Annetta, WI 98124-1363','2007-10-07 20:52:03','2007-05-24 15:51:04'),
	(15,'Corrine','Keebler',30,'1995-05-24','42190 Katrine Cape\nNorth Kallieburgh, NV 99474','2020-11-06 08:05:56','1978-10-04 12:48:16'),
	(16,'Hermina','Gleichner',95,'1992-06-12','441 Nyah Tunnel Suite 383\nPort Bradfordmouth, FL 05647-7544','2021-12-17 22:57:49','1991-09-23 15:45:14'),
	(17,'Dayana','Hegmann',128,'1971-12-02','630 Howe Expressway\nBuckridgeland, NE 69101-6422','2004-08-31 01:33:14','2008-02-09 17:26:37'),
	(18,'Beth','Heidenreich',143,'1999-05-13','5485 Demarco Vista Suite 464\nBilliemouth, DC 73974-6041','1973-06-12 06:53:08','2013-03-11 14:34:02'),
	(19,'Johnnie','McCullough',71,'1980-04-25','38637 Shad Orchard Apt. 327\nAdolphmouth, SC 36449','1997-10-07 00:36:17','1970-12-24 02:37:11'),
	(20,'Niko','Dickens',124,'2010-11-03','808 Huel Land\nWestburgh, ID 97280','2009-12-22 22:31:53','1999-03-31 21:12:51'),
	(21,'Ebba','Olson',82,'2000-10-29','13425 Amore Groves Suite 019\nWest Paula, OR 63537','1988-06-13 06:55:01','2016-09-14 06:56:14'),
	(22,'David','Hahn',77,'1990-03-05','934 Mable Roads\nAmaniview, NM 45139','2001-05-10 21:52:22','2004-09-13 02:30:31'),
	(23,'Vickie','Mosciski',125,'1976-06-22','286 Leannon Tunnel\nLeramouth, MO 43909-9471','1981-03-16 16:48:36','2007-03-09 23:49:21'),
	(24,'Tess','Rodriguez',103,'2004-01-01','05858 Shanon Summit\nNew Muhammad, SC 49590','1998-06-30 17:51:47','1984-10-10 10:40:50'),
	(25,'Dejon','Kris',10,'1988-10-04','724 Emil Stravenue\nHomenickfurt, MS 11054-8682','2011-08-07 17:16:34','1990-10-31 23:04:56'),
	(26,'Mertie','Schuster',118,'1984-04-30','335 Russell Mission Apt. 501\nWymanberg, SC 92678-7418','1981-04-13 17:00:59','2014-01-05 07:45:29'),
	(27,'Demarco','Heller',34,'2007-07-18','809 Beth Lights\nHodkiewiczbury, NV 82764-4394','1976-05-24 18:34:59','1988-03-03 10:58:55'),
	(28,'Margarete','Conn',150,'2003-07-14','9349 Jude Ranch\nNormafurt, MO 73615-6421','1986-03-10 14:50:37','1989-05-18 15:42:18'),
	(29,'Oda','Tromp',82,'1986-08-03','0071 Swift Dam Apt. 167\nJosiahhaven, AR 48650-2350','2015-10-12 23:06:03','2008-02-25 21:20:51'),
	(30,'Rogers','Brekke',47,'2002-11-02','0501 Aubrey Ridges Apt. 953\nLake Georgetteport, MN 12437-2603','1993-01-28 12:14:27','1973-09-03 04:32:24'),
	(31,'Loma','Fritsch',88,'2010-12-12','70750 Balistreri Passage\nWest Kane, OR 53045','1985-01-09 18:03:03','1980-08-29 05:26:07'),
	(32,'Ashley','Bruen',57,'2006-06-10','6894 Blaise Trail\nNew Lukasfort, WV 34937','2008-12-11 11:17:28','1993-04-30 04:38:05'),
	(33,'Gail','Beahan',7,'2015-01-10','0683 Otilia Ford\nIrwinhaven, ME 52059','1999-12-05 09:35:58','1989-02-19 20:10:09'),
	(34,'Georgiana','Dietrich',130,'2002-09-01','038 Jazmin Streets Suite 159\nNorth Brittany, FL 00894','1981-02-09 14:18:17','2016-04-12 22:43:20'),
	(35,'Sabrina','McLaughlin',140,'2009-10-02','09698 Bernhard Trail Suite 125\nEast Jaymeside, NM 48491-4634','1980-07-16 03:17:35','1983-07-22 20:47:42'),
	(36,'Eusebio','Keebler',113,'1977-09-06','2551 Wunsch Loaf\nSouth Lauriebury, MA 05641','1994-03-11 07:42:55','1988-01-30 02:30:09'),
	(37,'Emile','Mohr',98,'1978-08-19','8924 Dillan Trafficway\nBrakusport, DE 95494','1978-11-04 23:41:27','1983-12-30 00:39:53'),
	(38,'Lorena','Langosh',64,'1999-03-14','18138 Zane Row Suite 212\nNew Brenden, RI 06029-8463','2000-11-14 17:28:01','1987-03-09 04:58:53'),
	(39,'Ryleigh','Strosin',90,'1994-11-21','905 Watsica Road\nTeresafort, NH 01081-8254','1972-05-06 03:17:31','1990-02-21 16:50:22'),
	(40,'Cleora','Pacocha',93,'1983-04-26','5617 Mckayla Summit Suite 551\nSouth Juniorburgh, MO 90737-1613','1995-07-13 04:31:57','1975-04-30 09:14:28'),
	(41,'Merle','Erdman',37,'1995-09-21','90486 Koby Causeway Suite 221\nGradyfort, MT 50809-8816','2018-09-10 02:17:04','2022-02-22 16:07:10'),
	(42,'Marlee','Turner',46,'1997-09-23','61958 Hessel Radial Suite 521\nVincenzastad, WI 33729-0841','1981-11-15 00:29:10','1986-08-27 04:07:08'),
	(43,'Kasey','Ankunding',101,'2014-02-19','17594 Immanuel Orchard\nLucieton, RI 04622-5396','1988-11-19 12:35:16','2005-09-07 07:02:10'),
	(44,'Kaylin','Haley',123,'1983-07-29','25998 OHara Mews Suite 748\nNorth Sunny, MO 04562-7391','2001-01-28 03:52:37','2011-11-26 16:23:12'),
	(45,'Audie','Wiegand',128,'1995-06-20','9113 Dusty Summit Suite 729\nNew Jess, KY 89464-3695','2020-08-17 20:20:30','1972-07-17 14:19:07'),
	(46,'Emilio','McClure',131,'1981-03-25','473 Merlin Corners Apt. 936\nPort Orpha, KY 66897-5341','2000-07-20 11:23:07','2013-09-25 18:18:49'),
	(47,'Valentina','Hegmann',67,'1995-09-09','8691 Monahan Centers Suite 653\nErnestinamouth, NV 27969','1986-06-08 20:09:36','1973-04-21 07:14:22'),
	(48,'Mustafa','Watsica',106,'1993-07-06','34303 Jackeline Lodge\nKemmerville, NJ 57596-8530','1992-06-28 08:45:12','1988-09-22 19:03:28'),
	(49,'Mohammed','Bogisich',123,'2010-12-15','076 Saul View Apt. 346\nIrmamouth, AR 68841','1978-10-30 10:58:17','2008-02-13 09:28:53'),
	(50,'Mireille','Davis',138,'2003-06-22','369 Grady Oval Suite 590\nLueilwitzmouth, HI 47693-6176','2009-01-18 14:27:51','1979-10-25 04:31:28'),
	(51,'Teresa','Zieme',80,'2012-05-10','282 Kiehn Burgs Suite 422\nFaehaven, OR 61863','1971-10-16 17:36:33','2009-08-16 06:34:03'),
	(52,'Sonia','Blick',55,'1996-07-12','67377 Dane Haven\nLake Brenda, ND 23016','2009-05-02 06:50:37','2022-02-05 12:43:51'),
	(53,'Alyson','Nader',64,'1995-09-07','73407 Fisher Gardens Suite 916\nEraborough, TX 02152-5201','2017-01-21 20:31:05','2001-10-19 23:31:00'),
	(54,'Kenyon','Cormier',54,'2016-03-01','55623 Hintz Lodge Apt. 576\nObieborough, TN 06754-5113','1980-05-11 14:26:46','1990-08-18 17:59:38'),
	(55,'Victoria','Baumbach',7,'1988-01-22','188 Rex Springs Suite 050\nDaisymouth, MA 58897-7738','1983-10-22 01:13:26','1990-02-17 04:29:24'),
	(56,'Dulce','Mueller',74,'2021-10-04','0134 Wintheiser Terrace\nLake Omari, GA 16439','1978-01-27 15:00:21','1975-11-15 10:23:30'),
	(57,'Nelson','Rosenbaum',22,'2016-06-01','1291 Blick Bridge\nNorth Ardenfurt, IL 29166-0896','1990-09-18 16:01:14','1982-09-01 12:02:27'),
	(58,'Jalon','Murray',41,'2007-01-24','61145 Lorenz Inlet\nBrielleborough, DE 39710-6940','1972-09-30 10:09:17','1991-09-06 12:04:42'),
	(59,'Tia','Brown',74,'2021-09-04','17560 Rogahn Road\nWest Kira, VA 15621','2019-03-28 17:51:42','2001-06-25 19:17:48'),
	(60,'Florian','Lindgren',103,'1975-02-17','787 Parker Orchard\nSouth Amieville, MT 88335-9094','2012-11-16 05:11:40','1978-06-28 06:05:50'),
	(61,'Cheyenne','Harvey',88,'1981-04-05','383 Olaf Manor\nSouth Horace, ME 13744','1981-12-10 13:26:01','2017-01-23 01:18:37'),
	(62,'Madilyn','Conn',11,'2003-08-25','73861 Homenick Inlet Suite 035\nTrevaland, WI 81333-2256','2004-02-05 07:38:11','2019-12-11 19:26:20'),
	(63,'Jordan','Johns',10,'2014-12-10','55718 Marietta Expressway\nEast Jamison, UT 47773','2018-11-22 03:52:05','2020-06-25 01:03:16'),
	(64,'Gwendolyn','Cormier',94,'2002-11-09','6836 Mayert Inlet Apt. 891\nHamillland, MN 81099','1987-02-26 05:02:39','2021-04-18 02:34:03'),
	(65,'Emil','Kunde',141,'2002-10-29','0557 Benedict Pine Apt. 449\nCarmelport, WV 34982-9267','1981-03-02 17:13:55','2008-11-16 12:31:58'),
	(66,'Hayley','Langosh',149,'2007-03-17','51086 Pamela Heights Apt. 637\nJayneborough, MI 28665','1980-01-06 08:27:13','1976-07-18 09:29:57'),
	(67,'Magdalen','McCullough',57,'2006-12-27','904 Koch Station\nLake Marvin, WI 32765','2020-11-07 04:39:26','2017-12-23 11:23:31'),
	(68,'Wilburn','Lakin',88,'1973-01-06','2702 Madyson Port Apt. 603\nTrompport, NC 00933-3234','2011-08-22 07:32:51','1976-09-14 20:08:08'),
	(69,'Sadie','Stanton',62,'1998-04-23','5344 Kaelyn Light Suite 040\nSouth Pat, WY 21540-9220','2014-05-27 17:21:31','1992-09-03 10:58:29'),
	(70,'Jadon','Romaguera',146,'2021-10-16','91594 Homenick Manors\nNew Bernie, VT 49144-8027','2013-03-23 10:40:40','1975-05-19 17:05:16'),
	(71,'Marjory','Gutmann',31,'2005-01-04','5698 Wiegand Curve\nChanellemouth, DE 53305','1997-10-06 23:12:13','1994-02-13 13:01:53'),
	(72,'Salvatore','Little',99,'2012-06-28','4538 Borer Orchard Apt. 916\nNew Dessie, DC 27597','2010-01-15 08:00:48','1979-01-30 18:30:17'),
	(73,'Rafael','Leffler',41,'1996-09-03','6634 Dach Villages Suite 128\nWest Hannah, NM 24950-0476','2008-06-05 07:48:42','1983-02-19 16:02:40'),
	(74,'Norris','Wiegand',132,'2016-05-24','51463 Weber Lodge\nNew Leviville, TN 58618-1358','2008-09-16 14:46:53','2003-08-19 02:23:58'),
	(75,'Leonora','McCullough',71,'2004-10-11','86652 Brandon Forest\nDestinytown, ME 67001-9384','2010-04-08 20:34:22','2019-04-21 04:11:24'),
	(76,'Aiden','Abbott',19,'2016-11-30','086 Roman Pike\nPort Katrina, NH 16445','2005-11-14 23:40:27','1999-10-09 04:22:05'),
	(77,'Sophia','Jacobs',112,'1981-04-04','548 Little Gardens Suite 857\nSouth Adeliaton, TX 77281','1978-02-01 14:48:09','1972-03-02 02:25:57'),
	(78,'Edward','Keebler',137,'1972-09-14','40809 Johnnie Tunnel Suite 604\nRicardomouth, TN 47009','2017-11-01 17:46:57','2013-11-11 01:03:02'),
	(79,'Sabina','Bauch',125,'1975-02-08','5216 Mante Stream\nKeelingchester, AZ 19792','2006-10-12 16:32:49','2009-11-28 16:15:25'),
	(80,'Queen','Corkery',84,'2003-09-17','47928 King Mill Apt. 317\nRonnystad, MN 05965-1287','2014-11-27 19:11:04','1999-06-05 07:13:09'),
	(81,'Reynold','Larson',124,'1992-05-17','88253 Cristina Burgs Apt. 444\nSouth Ezekiel, SD 42612','1998-08-07 14:16:20','2001-03-20 21:10:35'),
	(82,'Darron','Harris',55,'1973-07-20','7871 Wehner Roads Suite 812\nLindbury, AK 27461','2019-07-08 03:47:54','1994-10-12 12:10:05'),
	(83,'Patience','Turner',138,'1974-02-04','33527 Lessie Causeway\nJodystad, MO 37209-0624','2020-05-26 09:10:52','1970-05-11 02:56:03'),
	(84,'Elbert','Gorczany',38,'1995-06-20','75599 Markus Parkway\nWalshview, DC 92850-7224','1996-10-22 15:42:36','1982-05-16 04:33:19'),
	(85,'Autumn','Rau',109,'1977-04-02','83097 Doyle Gateway\nEast Tyshawnside, MA 66179-4135','2001-11-19 00:46:47','2005-04-28 05:51:19'),
	(86,'Viviane','Conroy',145,'2003-11-06','7916 Arne Haven Apt. 732\nLunaview, WA 93523','1980-05-13 00:15:44','2021-03-10 01:13:08'),
	(87,'Darien','Feeney',112,'1987-09-18','78693 Bette Forks\nSouth Kelsie, AR 69166-3417','1997-03-25 17:06:13','1991-04-28 20:22:18'),
	(88,'Kenton','Bernhard',130,'2000-10-03','22876 Toy Drives Suite 798\nNorth Viva, IN 73141','2014-08-26 10:35:16','1982-08-15 08:07:33'),
	(89,'Joel','Conroy',36,'1983-09-27','49398 Elwin Rapid\nEast Tyra, GA 82569-1935','1998-02-01 11:36:24','1984-11-30 23:10:05'),
	(90,'Ladarius','Weissnat',35,'1989-01-27','978 Julianne Mews Apt. 640\nPort Jackyport, TN 61767','2000-12-15 09:44:22','1988-08-28 02:00:52'),
	(91,'Madalyn','Hansen',83,'1975-03-06','7781 Kaley Loop Apt. 409\nPfannerstillchester, MN 28435-5175','1975-09-10 20:25:15','1991-09-29 11:36:06'),
	(92,'Janae','Feeney',123,'2004-01-02','01685 Hassan Passage\nWilkinsonmouth, KY 16409','1985-08-24 13:46:46','1999-01-25 11:10:24'),
	(93,'Jacinthe','Haley',46,'1992-11-30','254 Feest Springs Suite 214\nMyamouth, ID 65805','2013-07-23 15:37:25','1995-07-08 14:39:53'),
	(94,'Vicente','Corkery',92,'2000-08-04','674 Ruecker Lakes Suite 191\nWaltonchester, IN 38123','1988-07-25 16:13:02','2019-06-16 21:15:29'),
	(95,'Catalina','Mueller',67,'2019-04-24','9216 Bernhard Centers\nNew Samir, AL 25624-1963','1976-07-13 05:39:36','1999-03-01 09:40:46'),
	(96,'Finn','Parker',37,'2015-09-08','66465 McGlynn Squares Suite 828\nEast Carmelmouth, ME 48446','2013-10-28 08:16:20','2005-03-08 00:16:51'),
	(97,'Deanna','Skiles',91,'2005-08-06','200 Gottlieb Loop Suite 476\nSouth Chaim, KY 80059-4153','2010-08-16 17:42:15','1997-06-09 08:24:02'),
	(98,'Maurice','Brown',123,'1996-05-26','7568 Littel Hill\nLedafurt, MI 30040-8062','2003-10-08 02:29:18','2009-03-25 18:52:07'),
	(99,'Dorothea','Hegmann',124,'1979-12-17','8967 Salvador Garden Suite 413\nCaterinamouth, MO 92863-0336','1981-07-09 05:57:51','2007-01-20 22:42:31'),
	(100,'Don','Walker',3,'1987-03-23','9388 Regan Plains\nNew Otilia, OH 41930','1996-04-03 03:14:50','2005-09-01 11:00:58');

INSERT INTO categories (id, name, created_at, updated_at)
VALUES
	(1,'Процессоры','2010-03-19 10:42:50','1985-12-31 05:01:04'),
	(2,'Материнские платы','2013-03-26 08:52:26','2003-02-18 02:53:30'),
	(3,'Видеокарты','2000-11-21 14:30:27','1998-05-25 07:04:45'),
	(4,'Оперативная память','1974-07-23 23:36:55','1983-10-14 17:42:06'),
	(5,'Жесткие диски','2003-11-20 02:03:22','2014-08-05 10:12:57'),
	(6,'Системы охлаждения','2000-02-10 09:27:36','2006-11-22 20:36:14'),
	(7,'Корпуса','2018-12-04 05:16:58','1999-09-09 04:09:55'),
	(8,'Мониторы','1982-10-08 09:36:55','1978-06-13 15:09:02');

INSERT INTO products (id, name, price, description, section_id, photo_id, created_at, updated_at)
VALUES
(1,'SILICON POWER 2.5" Ace A55 128 Гб SATA III TLC',1870,'Форм-фактор: 2.5", Тип памяти: TLC, Объем: 128 Гб, Интерфейс: SATA III, Скорость чтения до: 560 Мб/с, Скорость записи до: 530 Мб/с, Ресурс в TBW: 1 500 000',5,124,'2010-07-13 18:18:19','2001-10-21 14:18:43'),
(2,'MSI GeForce RTX 3050 8192Mb GAMING X',54999,'Процессор: NVIDIA GeForce RTX 3050, Частота GPU: н/д МГц, Частота GPU Boost: 1845 МГц, Тип видеопамяти: GDDR6, Объем видеопамяти: 8 Гб, Шина памяти: 128 бит, Частота видеопамяти: 14000 МГц, Интерфейс: PCI-E 16x 4.0, Вентиляторы: 2, Длина: 278 мм, Низкопрофильная (Low Profile): нет, Срок гарантии: 3 года, Показать все',3,98,'1974-05-13 04:49:50','2005-05-22 22:10:56'),
(3,'be quiet! DARK ROCK PRO 4',8390,'Тип: воздушное, Socket: AM2, AM2+, AM3, s1155, s1366, AM3+, FM1, FM2, s1156, s1150, s2011, FM2+, s1151, AM4, s2066, s1200, Совместимость: Intel/AMD, Максимальное тепловыделение процессора: 250 Вт, Ширина: 136 мм, Высота: 163 мм, Глубина: 146 мм',6,143,'2001-12-08 13:04:26','1977-11-26 12:19:19'),
(4,'GIGABYTE 32" black M32Q-EK',39999,'Размер экрана: 31.5 ", Соотношение сторон: 16:9, Тип матрицы: IPS, Разрешение: 2560x1440 пикс., Яркость: 350 кд/м2, Время отклика: 1 мс, Частота обновления: 165 Гц, Синхронизации кадров: нет, Порты и разъемы: DisplayPort, HDMI x2, Цвет: чёрный',8,128,'2007-04-24 06:20:08','1972-05-05 13:16:14'),
(5,'Powercase Mistral X4 Mesh LED 4x120mm CMIXB-L4',3890,'Типоразмер: Midi-Tower, Форм-фактор: ATX, mATX, Блок питания: Без блока питания, Боковая стенка: Стекло, Цвет корпуса: черный',7,6,'1991-09-03 19:16:31','2021-03-28 01:15:43'),
(6,'AOC Value Line 27" Black 27V2Q',20130,'Размер экрана: 27 ", Соотношение сторон: 16:9, Тип матрицы: IPS, Разрешение: 1920x1080 пикс., Яркость: 250 кд/м2, Время отклика: 4 мс, Частота обновления: 75 Гц, Синхронизации кадров: AMD FreeSync, Порты и разъемы: DisplayPort, HDMI, выход на наушники, Цвет: чёрный',8,105,'1988-06-10 02:51:14','1978-12-10 23:41:53'),
(7,'ESONIC B250-BTC-Gladiator',15399,'Сокет: LGA1151, Чипсет: Intel B250, Тип памяти: DDR4 , Кол-во слотов памяти: 2, Кол-во PCI Express: 11, Звук: 6-канальный (5.1), Wi-Fi: нет, Bluetooth: нет, Подсветка: нет, Порты USB: 6, Порты USB-C (на задней панели): нет, VGA (D-Sub): 1, DVI: нет, HDMI: 1, DisplayPort: нет, PS/2: 2, LAN: 1, Audio jack(s): 3, Форм-фактор: ATX, Показать все',2,5,'1987-05-08 08:21:33','2014-04-01 02:18:29'),
(8,'AMD 2.5" Radeon R5 120 Гб SATA III TLC 3D R5SL120G',1760,'Форм-фактор: 2.5", Тип памяти: TLC 3D NAND, Объем: 120 Гб, Интерфейс: SATA III, Скорость чтения до: 520 Мб/с, Скорость записи до: 290 Мб/с',5,13,'1989-11-26 14:51:31','1983-07-21 02:39:45'),
(9,'Kingston A400 2.5" 240Gb SATA III TLC SA400S37/240G',3920,'Форм-фактор: 2.5", Тип памяти: TLC, Объем: 240 Гб, Интерфейс: SATA III, Скорость чтения до: 500 Мб/с, Скорость записи до: 350 Мб/с, Ресурс в TBW: 80',5,5,'2015-06-06 13:39:39','1992-10-03 07:25:02'),
(10,'AMD 2.5" Radeon R5SL 128 Гб SATA III TLC 3D',1890,'Форм-фактор: 2.5", Тип памяти: TLC 3D NAND, Объем: 128 Гб, Интерфейс: SATA III, Скорость чтения до: 530 Мб/с, Скорость записи до: 445 Мб/с, Ресурс в TBW: 40 ТБ',5,58,'1977-09-24 14:34:41','1978-10-30 02:33:02'),
(11,'GIGABYTE GA-A320M-H',3840,'Сокет: AM4, Чипсет: AMD A320, Тип памяти: DDR4 , Кол-во слотов памяти: 2, Кол-во PCI Express: 3, Звук: 8-канальный (7.1), Wi-Fi: нет, Bluetooth: нет, Подсветка: нет, Порты USB: 8, Порты USB-C (на задней панели): нет, VGA (D-Sub): нет, DVI: 1, HDMI: 1, DisplayPort: нет, PS/2: 2, LAN: 1, Audio jack(s): 3, Форм-фактор: micro-ATX, Показать все',2,110,'2017-06-17 03:43:11','2021-03-02 22:29:52'),
(12,'PNY Quadro T600 4096Mb',39999,'Процессор: NVIDIA Quadro T600, Частота GPU: н/д МГц, Тип видеопамяти: GDDR6, Объем видеопамяти: 4 Гб, Шина памяти: 128 бит, Частота видеопамяти: н/д МГц, Интерфейс: PCI-E 16x 3.0, Вентиляторы: 1, Длина: н/д мм, Низкопрофильная (Low Profile): да, Срок гарантии: 1 год, Показать все',3,37,'1970-11-05 11:37:39','2015-04-13 15:07:06'),
(13,'Palit GeForce GTX 1660 SUPER StormX 6144Mb',47199,'Процессор: NVIDIA GeForce GTX 1660 Super, Частота GPU: 1530 МГц, Частота GPU Boost: 1785 МГц, Тип видеопамяти: GDDR6, Объем видеопамяти: 6 Гб, Шина памяти: 192 бит, Частота видеопамяти: 14000 МГц, Интерфейс: PCI-E 16x 3.0, Вентиляторы: 1, Длина: 168 мм, Низкопрофильная (Low Profile): нет, Срок гарантии: 3 года, Показать все',3,35,'2013-10-02 14:11:25','1975-01-31 18:29:03'),
(14,'Samsung LF24T350FHIXCI 23.8" Black',27990,'Размер экрана: 24 ", Соотношение сторон: 16:9, Тип матрицы: IPS, Разрешение: 1920x1080 пикс., Яркость: 200 кд/м2, Время отклика: 5 мс, Частота обновления: 75 Гц, Синхронизации кадров: AMD FreeSync, Порты и разъемы: VGA (D-Sub), HDMI, Цвет: чёрный',8,16,'1970-05-19 19:25:05','2002-11-17 19:08:58'),
(15,'be quiet! PURE BASE 500 DX BLACK BGW37',10990,'Типоразмер: Midi-Tower, Форм-фактор: ATX, mATX, Mini-ITX, Блок питания: Без блока питания, Боковая стенка: Стекло, Цвет корпуса: черный',7,71,'2017-08-23 03:17:36','2004-04-22 17:35:14'),
(16,'ID-COOLING DK-09i',450,'Тип: воздушное, Socket: s1155, s1156, s1150, s1151, s1200, Совместимость: Intel, Максимальное тепловыделение процессора: 65 Вт, Ширина: 95 мм, Высота: 56 мм, Глубина: 95 мм',6,47,'2017-12-07 06:29:31','1982-02-28 15:13:40'),
(17,'XFX Radeon RX 6500 XT 4096Mb Speedster QICK 210',33999,'Процессор: AMD Radeon RX 6500 XT, Частота GPU: 2420 МГц, Частота GPU Boost: 2825 МГц, Тип видеопамяти: GDDR6, Объем видеопамяти: 4 Гб, Шина памяти: 64 бит, Частота видеопамяти: 18000 МГц, Интерфейс: PCI-E 16x 4.0, Вентиляторы: 2, Длина: 233 мм, Низкопрофильная (Low Profile): нет, Срок гарантии: 1 год, Показать все',3,9,'1993-01-05 01:00:30','2009-04-01 23:02:13'),
(18,'AOC Q27P2CA 27'' Black',38870,'Размер экрана: 27 ", Соотношение сторон: 16:9, Тип матрицы: IPS, Разрешение: 2560x1440 пикс., Яркость: 350 кд/м2, Время отклика: 4 мс, Частота обновления: 60 Гц, Синхронизации кадров: нет, Порты и разъемы: DisplayPort, выход на наушники, HDMI x2, USB Type-C, Цвет: чёрный',8,144,'2005-07-27 19:12:41','2020-02-16 11:45:55'),
(19,'AMD FX-4350 AM3+ OEM',999,'Тип разъема: AM3+, Ядро: Vishera, Кол-во ядер: 4 ядра, Кол-во потоков: 4 потока, Частота в турбо режиме (ГГц): 4.3 ГГц, Номинальная частота (ГГц): 4.2 ГГц, Графическое ядро: нет, Рассеиваемая мощность: 125 Вт, Тип поставки: OEM',1,137,'1994-02-27 04:31:09','1972-04-10 07:13:53'),
(20,'1STPLAYER FIREBASE X2 mATX 4x120mm LED TG',3490,'Типоразмер: Midi-Tower, Форм-фактор: mATX, Блок питания: Без блока питания, Боковая стенка: Стекло, Цвет корпуса: черный',7,128,'1973-04-26 03:30:07','1995-12-11 21:56:03'),
(21,'Philips 222B1TFL 21.5" Black',32000,'Размер экрана: 21.5 ", Соотношение сторон: 16:9, Тип матрицы: IPS, Разрешение: 1920x1080 пикс., Яркость: 400 кд/м2, Время отклика: 4 мс, Частота обновления: 75 Гц, Синхронизации кадров: н/д, Порты и разъемы: VGA (D-Sub), DisplayPort, DVI-D, HDMI, линейный аудиовыход, Цвет: чёрный',8,112,'2017-10-13 19:50:45','1995-03-04 12:34:55'),
(22,'PATRIOT 2.5" Burst Elite 120 Гб SATA III NAND 3D PBE120GS25SSDR',1870,'Форм-фактор: 2.5", Тип памяти: 3D NAND, Объем: 120 Гб, Интерфейс: SATA III, Скорость чтения до: 450 Мб/с, Скорость записи до: 320 Мб/с, Скорость произвольного чтения (4kb): 40000 IOPS, Скорость произвольной записи (4kb): 40000 IOPS',5,19,'1975-04-17 22:13:35','1978-04-17 04:28:13'),
(23,'Powercase Mistral Micro Z3W Mesh LED CMIMZW-L3',3490,'Типоразмер: Micro-Tower, Форм-фактор: mATX, Mini-ITX, Блок питания: Без блока питания, Боковая стенка: Стекло, Цвет корпуса: белый',7,24,'2017-05-04 20:33:10','2020-02-28 12:01:34'),
(24,'BIOSTAR B250MHC',5770,'Сокет: LGA1151, Чипсет: Intel B250, Тип памяти: DDR4 , Кол-во слотов памяти: 2, Кол-во PCI Express: 3, Звук: 8-канальный (7.1), Wi-Fi: нет, Bluetooth: нет, Подсветка: нет, Порты USB: 8, Порты USB-C (на задней панели): нет, VGA (D-Sub): 1, DVI: нет, HDMI: 1, DisplayPort: нет, PS/2: 2, LAN: 1, Audio jack(s): 3, Форм-фактор: micro-ATX, Показать все',2,48,'2015-11-01 10:04:43','2013-04-10 08:36:19'),
(25,'Asus PRIME B560M-K',7120,'Сокет: LGA1200, Чипсет: Intel B560, Тип памяти: DDR4 , Кол-во слотов памяти: 2, Кол-во PCI Express: 3, Звук: 8-канальный (7.1), Wi-Fi: нет, Bluetooth: нет, Подсветка: нет, Порты USB: 12, Порты USB-C (на задней панели): нет, VGA (D-Sub): 1, DVI: нет, HDMI: 1, DisplayPort: нет, PS/2: 1, LAN: 1, Audio jack(s): 3, Форм-фактор: micro-ATX, Показать все',2,124,'2018-08-14 09:27:57','2001-05-02 06:59:29'),
(26,'ID-Cooling IS-30',1590,'Тип: воздушное, Socket: AM2, AM2+, AM3, s1155, AM3+, FM1, FM2, s1156, s1150, FM2+, s1151, AM4, s1200, s1700, Совместимость: Intel/AMD, Максимальное тепловыделение процессора: 100 Вт, Ширина: 93 мм, Высота: 30 мм, Глубина: 100 мм',6,57,'2001-02-09 21:32:52','1999-09-04 21:39:28'),
(27,'Crucial 2.5" BX500 240 Gb SATA III 3D NAND',3700,'Форм-фактор: 2.5", Тип памяти: 3D NAND, Объем: 240 Гб, Интерфейс: SATA III, Скорость чтения до: 540 Мб/с, Скорость записи до: 500 Мб/с',5,3,'1990-05-11 20:37:50','1978-10-23 08:41:20'),
(28,'NETAC M.2 mSATA N5M 128Gb SATA III TLC NT01N5M-128G-M3X',2160,'Форм-фактор: mSATA, Тип памяти: TLC, Объем: 128 Гб, Интерфейс: SATA III, Скорость чтения до: 540 Мб/с, Скорость записи до: 490 Мб/с',5,126,'2017-04-23 09:18:29','2020-05-12 18:06:37'),
(29,'GIGABYTE B450M S2H',4099,'Сокет: AM4, Чипсет: AMD B450, Тип памяти: DDR4 , Кол-во слотов памяти: 2, Кол-во PCI Express: 3, Звук: 8-канальный (7.1), Wi-Fi: нет, Bluetooth: нет, Подсветка: нет, Порты USB: 12, Порты USB-C (на задней панели): нет, VGA (D-Sub): 1, DVI: 1, HDMI: 1, DisplayPort: нет, PS/2: 2, LAN: 1, Audio jack(s): 3, Форм-фактор: micro-ATX, Показать все',2,82,'1996-05-07 02:09:06','2001-03-01 02:19:42'),
(30,'Xiaomi Mi Desktop Monitor 1C 24" Black',19990,'Размер экрана: 23.8 ", Соотношение сторон: 16:9, Тип матрицы: IPS, Разрешение: 1920x1080 пикс., Яркость: 250 кд/м2, Время отклика: 6 мс, Частота обновления: 60 Гц, Синхронизации кадров: нет, Порты и разъемы: VGA (D-Sub), HDMI, Цвет: чёрный',8,4,'1993-07-01 12:05:13','2000-11-16 09:56:41'),
(31,'AMD Ryzen 5 5600X AM4 OEM',22999,'Тип разъема: AM4, Ядро: Vermeer (Zen 3), Кол-во ядер: 6 ядер, Кол-во потоков: 12 потоков, Частота в турбо режиме (ГГц): 4.6 ГГц, Номинальная частота (ГГц): 3.7 ГГц, Графическое ядро: нет, Рассеиваемая мощность: 65 Вт, Тип поставки: OEM',1,104,'1989-04-06 07:53:28','1972-12-11 17:36:51'),
(32,'AFOX GeForce G210 LP 1024Mb HEATSINK',2830,'Процессор: NVIDIA GeForce 210, Частота GPU: 459 МГц, Тип видеопамяти: GDDR2, Объем видеопамяти: 1 Гб, Шина памяти: 64 бит, Частота видеопамяти: 400 МГц, Интерфейс: PCI-E 16x 2.0, Вентиляторы: нет, Длина: 150 мм, Низкопрофильная (Low Profile): да, Срок гарантии: 1 год, Показать все',3,46,'2019-09-19 10:39:51','1983-03-08 10:49:36'),
(33,'ID-Cooling SE-224-XT Basic',1890,'Тип: воздушное, Socket: s1155, s1156, s1150, s2011, s1151, AM4, s2066, s1200, Совместимость: Intel/AMD, Максимальное тепловыделение процессора: 180 Вт, Ширина: 73 мм, Высота: 154 мм, Глубина: 120 мм',6,45,'1984-03-08 00:22:44','2008-03-09 18:20:31'),
(34,'GIGABYTE GeForce RTX 3080 LHR 10240Mb GAMING OC 2.0',144999,'Процессор: NVIDIA GeForce RTX 3080, Частота GPU: 1710 МГц, Частота GPU Boost: 1800 МГц, Тип видеопамяти: GDDR6X, Объем видеопамяти: 10 Гб, Шина памяти: 320 бит, Частота видеопамяти: 19000 МГц, Интерфейс: PCI-E 16x 4.0, Вентиляторы: 3, Длина: 320 мм, Низкопрофильная (Low Profile): нет, Срок гарантии: 3 года, Показать все',3,114,'1995-02-27 11:06:25','2008-08-08 09:52:11'),
(35,'Asus PRIME H510M-A',6899,'Сокет: LGA1200, Чипсет: Intel H510, Тип памяти: DDR4 , Кол-во слотов памяти: 2, Кол-во PCI Express: 3, Звук: 8-канальный (7.1), Wi-Fi: нет, Bluetooth: нет, Подсветка: нет, Порты USB: 12, Порты USB-C (на задней панели): нет, VGA (D-Sub): 1, DVI: нет, HDMI: 1, DisplayPort: 1, PS/2: 2, LAN: 1, Audio jack(s): 3, Форм-фактор: micro-ATX, Показать все',2,11,'1997-07-16 20:56:44','2003-11-09 19:16:12'),
(36,'Crucial 2.5" BX500 480 Gb SATA III 3D NAND',5980,'Форм-фактор: 2.5", Тип памяти: 3D NAND, Объем: 480 Гб, Интерфейс: SATA III, Скорость чтения до: 540 Мб/с, Скорость записи до: 500 Мб/с, Ресурс в TBW: 120',5,23,'2018-10-01 01:19:11','1993-09-06 04:22:46'),
(37,'Powerman EQ101 MiniDesktop 200W',3500,'Типоразмер: Slim-Desktop, Mini-ITX, Форм-фактор: Mini-ITX, Блок питания: 200 Вт, Боковая стенка: Сплошная, Цвет корпуса: черный',7,23,'1974-11-24 15:01:49','1981-01-25 15:59:20'),
(38,'MSI GeForce RTX 3050 8192Mb VENTUS 2X 8G OC',50430,'Процессор: NVIDIA GeForce RTX 3050, Частота GPU: н/д МГц, Частота GPU Boost: 1807 МГц, Тип видеопамяти: GDDR6, Объем видеопамяти: 8 Гб, Шина памяти: 128 бит, Частота видеопамяти: 14000 МГц, Интерфейс: PCI-E 16x 4.0, Вентиляторы: 2, Длина: 235 мм, Низкопрофильная (Low Profile): нет, Срок гарантии: 3 года, Показать все',3,89,'2015-02-14 20:31:52','1992-12-20 19:39:16'),
(39,'MSI GeForce RTX 2060 SUPER 8192Mb VENTUS OC',81999,'Процессор: NVIDIA GeForce RTX 2060 Super, Частота GPU: 1470 МГц, Частота GPU Boost: 1665 МГц, Тип видеопамяти: GDDR6, Объем видеопамяти: 8 Гб, Шина памяти: 256 бит, Частота видеопамяти: 14000 МГц, Интерфейс: PCI-E 16x 3.0, Вентиляторы: н/д, Длина: 231 мм, Низкопрофильная (Low Profile): нет, Срок гарантии: 3 года, Показать все',3,72,'1997-02-01 20:26:35','1979-08-30 17:58:38'),
(40,'Acer V227QBI 21.5" black',14990,'Размер экрана: 21.5 ", Соотношение сторон: 16:9, Тип матрицы: IPS, Разрешение: 1920x1080 пикс., Яркость: 250 кд/м2, Время отклика: 4 мс, Частота обновления: 75 Гц, Синхронизации кадров: нет, Порты и разъемы: VGA (D-Sub), HDMI, Цвет: чёрный',8,74,'1995-06-06 16:11:35','2019-04-05 16:02:41'),
(41,'MSI Radeon RX 6600 8192Mb MECH 2X RU',57999,'Процессор: AMD Radeon RX 6600, Частота GPU: 2044 МГц, Частота GPU Boost: 2491 МГц, Тип видеопамяти: GDDR6, Объем видеопамяти: 8 Гб, Шина памяти: 128 бит, Частота видеопамяти: 14000 МГц, Интерфейс: PCI-E 16x 4.0, Вентиляторы: 2, Длина: 235 мм, Низкопрофильная (Low Profile): нет, Срок гарантии: 3 года, Показать все',3,91,'2011-12-24 02:01:54','1983-08-09 06:55:21'),
(42,'1STPLAYER RAINBOW R3-A ATX 1x120mm LED TG',3300,'Типоразмер: Midi-Tower, Форм-фактор: ATX, mATX, Блок питания: Без блока питания, Боковая стенка: Стекло, Цвет корпуса: черный',7,128,'1997-04-09 23:34:28','1998-06-10 01:22:18'),
(43,'Apacer 2.5" AS340 120 Гб SATA III TLC AP120GAS340G-1',1800,'Форм-фактор: 2.5", Тип памяти: TLC, Объем: 120 Гб, Интерфейс: SATA III, Скорость чтения до: 550 Мб/с, Скорость записи до: 520 Мб/с',5,73,'1986-03-18 21:10:14','2015-04-16 14:32:54'),
(44,'PCCooler GI-X4B V2',1390,'Тип: воздушное, Socket: AM2, AM3, s775, s1155, s1156, s1150, s2011, s1151, AM4, s2066, s1200, Совместимость: Intel/AMD, Максимальное тепловыделение процессора: 145 Вт, Ширина: 126 мм, Высота: 148 мм, Глубина: 87 мм',6,131,'1982-01-07 00:26:38','1983-06-03 12:02:50'),
(45,'AMD Ryzen 7 5800X AM4 BOX',34399,'Тип разъема: AM4, Ядро: Vermeer (Zen 3), Кол-во ядер: 8 ядер, Кол-во потоков: 16 потоков, Частота в турбо режиме (ГГц): 4.7 ГГц, Номинальная частота (ГГц): 3.8 ГГц, Графическое ядро: нет, Рассеиваемая мощность: 105 Вт, Тип поставки: BOX (без кулера)',1,95,'1994-09-25 09:33:06','2002-01-04 05:27:54'),
(46,'Gigabyte 31.5" M32U black',69999,'Размер экрана: 31.5 ", Соотношение сторон: 16:9, Тип матрицы: IPS, Разрешение: 3840x2160 пикс., Яркость: 350 кд/м2, Время отклика: 1 мс, Частота обновления: 144 Гц, Синхронизации кадров: AMD FreeSync, Порты и разъемы: DisplayPort, HDMI x2, USB 3.1 Gen 1 Type-C, Цвет: чёрный',8,6,'2021-03-07 11:40:43','1981-11-12 01:46:55'),
(47,'AFOX GeForce G210 512Mb LP',2799,'Процессор: NVIDIA GeForce GT 210, Частота GPU: 520 МГц, Частота GPU Boost: 1230 МГц, Тип видеопамяти: GDDR3, Объем видеопамяти: 512 Мб, Шина памяти: 64 бит, Частота видеопамяти: 800 МГц, Интерфейс: PCI-E 16x 2.0, Вентиляторы: 1, Длина: 168 мм, Низкопрофильная (Low Profile): нет, Срок гарантии: 1 год, Показать все',3,34,'2019-06-11 22:25:24','2002-05-28 02:38:16'),
(48,'PALIT GeForce GTX 1660 Ti 6144Mb DUAL',50999,'Процессор: NVIDIA GeForce GTX 1660 Ti, Частота GPU: 1500 МГц, Частота GPU Boost: 1770 МГц, Тип видеопамяти: GDDR6, Объем видеопамяти: 6 Гб, Шина памяти: 192 бит, Частота видеопамяти: 12000 МГц, Интерфейс: PCI-E 16x 3.0, Вентиляторы: 2, Длина: 235 мм, Низкопрофильная (Low Profile): нет, Срок гарантии: 1 год, Показать все',3,11,'1998-07-20 18:50:39','2009-10-23 05:26:14'),
(49,'ADATA 2.5" SU650 240 Гб SATA III TLC',3370,'Форм-фактор: 2.5", Тип памяти: 3D NAND, Объем: 240 Гб, Интерфейс: SATA III, Скорость чтения до: 520 Мб/с, Скорость записи до: 450 Мб/с, Скорость произвольной записи (4kb): 75000 IOPS',5,90,'2002-03-09 10:16:52','1989-08-06 15:35:38'),
(50,'be quiet! PURE BASE 500 DX WHITE BGW38',11990,'Типоразмер: Midi-Tower, Форм-фактор: ATX, mATX, Mini-ITX, Блок питания: Без блока питания, Боковая стенка: Стекло, Цвет корпуса: белый',7,109,'1993-10-03 00:45:16','1987-05-11 02:15:19');

INSERT INTO carts (id, user_id, total_price, created_at, updated_at) 
VALUES 	
	(1,51,4099,'1988-01-01 09:34:30','1990-10-13 23:25:03'),
	(2,5,197847,'2018-10-08 23:27:29','1997-09-30 08:51:54'),
	(3,34,3490,'1994-06-21 01:34:35','2002-01-05 11:46:29'),
	(4,17,49970,'2002-02-17 11:49:08','2003-07-29 00:53:08'),
	(5,20,9900,'1998-10-21 09:45:24','2007-02-20 03:37:01'),
	(6,81,79998,'1994-10-14 19:47:42','2020-02-28 04:17:31'),
	(7,97,41389,'1982-10-12 01:12:00','1992-12-09 22:36:53'),
	(8,46,1760,'1975-09-05 10:25:35','1999-11-20 07:01:00'),
	(9,41,22999,'2018-11-03 08:22:06','1990-06-10 23:31:17'),
	(10,60,7780,'2020-11-23 21:10:36','2013-03-29 10:48:28'),
	(11,52,2799,'2001-12-31 04:38:05','1991-10-03 23:18:00'),
	(12,13,14870,'1992-12-14 15:37:04','1974-05-18 02:17:03'),
	(13,86,4149,'1974-06-23 15:36:38','1970-11-02 02:23:20'),
	(14,21,1890,'1984-03-26 07:23:52','1982-07-02 18:34:05'),
	(15,77,10110,'1998-10-28 09:58:14','2017-06-08 16:08:20'),
	(16,68,123837,'2016-06-22 10:43:15','2016-11-30 15:28:22'),
	(17,12,57159,'1971-12-29 18:23:29','1971-12-30 06:44:15'),
	(18,26,22999,'1994-06-14 12:06:58','2014-12-06 06:17:44'),
	(19,53,13840,'1990-09-09 03:24:27','2002-01-15 21:16:31'),
	(20,91,4099,'1972-07-20 11:44:17','2012-08-12 10:18:13'),
	(21,89,5660,'2009-11-02 01:18:54','2007-10-11 04:19:29'),
	(22,77,75977,'1972-10-17 18:12:07','1998-05-01 11:38:40'),
	(23,79,163998,'1974-04-06 01:16:16','1997-04-11 17:13:35'),
	(24,11,12760,'1983-02-28 01:15:05','2003-04-09 01:35:22'),
	(25,17,4320,'1995-07-31 14:06:51','2008-04-05 07:57:16'),
	(26,2,17220,'1987-12-31 07:23:48','1972-10-29 23:36:56'),
	(27,33,27990,'2011-12-16 13:53:10','1986-08-13 03:55:52'),
	(28,10,25350,'1981-12-15 20:13:15','1982-05-01 04:41:30'),
	(29,78,68997,'1987-07-13 05:30:02','1993-06-19 18:16:15'),
	(30,1,121387,'1972-07-16 08:34:10','2019-01-04 20:45:29'),
	(31,91,4099,'1983-06-03 01:48:32','2002-10-24 19:41:40'),
	(32,28,197847,'1990-04-18 20:34:43','1973-07-03 14:32:18'),
	(33,6,3490,'1994-07-20 15:58:22','1989-03-31 22:23:18'),
	(34,25,49970,'1970-03-10 05:37:13','2016-06-14 04:41:23'),
	(35,45,9900,'1993-09-22 01:46:57','2012-12-14 13:08:54'),
	(36,26,79998,'2019-06-08 15:06:25','2010-09-15 16:06:26'),
	(37,5,41389,'2005-02-10 08:11:06','1981-04-26 20:14:17'),
	(38,42,1760,'1973-01-02 17:37:39','1982-11-03 00:16:27'),
	(39,72,22999,'1991-08-13 03:54:05','2007-07-14 03:57:14'),
	(40,45,7780,'1971-08-24 20:30:04','1983-08-21 21:26:00');

INSERT INTO carts_products (cart_id, product_id, products_count)
VALUES
	(4,30,1),
	(14,3,1),
	(36,30,1),
	(4,40,2),
	(29,31,3),
	(17,49,3),
	(18,11,1),
	(23,29,1),
	(29,23,2),
	(9,31,1),
	(38,31,3),
	(31,20,1),
	(11,5,2),
	(31,37,1),
	(14,28,3),
	(36,22,1),
	(6,12,2),
	(19,2,1),
	(33,28,2),
	(34,27,2),
	(7,12,1),
	(21,31,1),
	(18,4,3),
	(8,8,1),
	(22,20,3),
	(31,24,1),
	(40,26,1),
	(35,14,1),
	(25,32,2),
	(40,48,1),
	(7,44,1),
	(15,16,3),
	(5,42,3),
	(15,47,1),
	(16,10,1),
	(19,28,1),
	(2,18,1),
	(1,29,1),
	(30,39,2),
	(2,36,1),
	(12,47,1),
	(40,45,2),
	(22,49,1),
	(34,36,1),
	(34,11,1),
	(2,48,3),
	(3,20,1),
	(36,23,1);

INSERT INTO orders (id, user_id, status, created_at, updated_at)
VALUES 
	(1,51,'Выполнен','1988-01-01 09:34:30','1990-10-13 23:25:03'),
	(2,5,'Оформлен','2018-10-08 23:27:29','1997-09-30 08:51:54'),
	(3,34,'Отменен','1994-06-21 01:34:35','2002-01-05 11:46:29'),
	(4,17,'Выполнен','2002-02-17 11:49:08','2003-07-29 00:53:08'),
	(5,20,'Отменен','1998-10-21 09:45:24','2007-02-20 03:37:01'),
	(6,81,'Отменен','1994-10-14 19:47:42','2020-02-28 04:17:31'),
	(7,97,'Отменен','1982-10-12 01:12:00','1992-12-09 22:36:53'),
	(8,46,'Выполнен','1975-09-05 10:25:35','1999-11-20 07:01:00'),
	(9,41,'Отменен','2018-11-03 08:22:06','1990-06-10 23:31:17'),
	(10,60,'Выполнен','2020-11-23 21:10:36','2013-03-29 10:48:28'),
	(11,52,'Оформлен','2001-12-31 04:38:05','1991-10-03 23:18:00'),
	(12,13,'Отменен','1992-12-14 15:37:04','1974-05-18 02:17:03'),
	(13,86,'Отменен','1974-06-23 15:36:38','1970-11-02 02:23:20'),
	(14,21,'Отменен','1984-03-26 07:23:52','1982-07-02 18:34:05'),
	(15,77,'Оформлен','1998-10-28 09:58:14','2017-06-08 16:08:20'),
	(16,68,'Отменен','2016-06-22 10:43:15','2016-11-30 15:28:22'),
	(17,12,'Отменен','1971-12-29 18:23:29','1971-12-30 06:44:15'),
	(18,26,'Отменен','1994-06-14 12:06:58','2014-12-06 06:17:44'),
	(19,53,'Выполнен','1990-09-09 03:24:27','2002-01-15 21:16:31'),
	(20,91,'Выполнен','1972-07-20 11:44:17','2012-08-12 10:18:13'),
	(21,89,'Отменен','2009-11-02 01:18:54','2007-10-11 04:19:29'),
	(22,77,'Выполнен','1972-10-17 18:12:07','1998-05-01 11:38:40'),
	(23,79,'Отменен','1974-04-06 01:16:16','1997-04-11 17:13:35'),
	(24,11,'Отменен','1983-02-28 01:15:05','2003-04-09 01:35:22'),
	(25,17,'Оформлен','1995-07-31 14:06:51','2008-04-05 07:57:16'),
	(26,2,'Отменен','1987-12-31 07:23:48','1972-10-29 23:36:56'),
	(27,33,'Выполнен','2011-12-16 13:53:10','1986-08-13 03:55:52'),
	(28,10,'Отменен','1981-12-15 20:13:15','1982-05-01 04:41:30'),
	(29,78,'Выполнен','1987-07-13 05:30:02','1993-06-19 18:16:15'),
	(30,1,'Выполнен','1972-07-16 08:34:10','2019-01-04 20:45:29'),
	(31,91,'Отменен','1983-06-03 01:48:32','2002-10-24 19:41:40'),
	(32,28,'Оформлен','1990-04-18 20:34:43','1973-07-03 14:32:18'),
	(33,6,'Отменен','1994-07-20 15:58:22','1989-03-31 22:23:18'),
	(34,25,'Отменен','1970-03-10 05:37:13','2016-06-14 04:41:23'),
	(35,45,'Отменен','1993-09-22 01:46:57','2012-12-14 13:08:54'),
	(36,26,'Выполнен','2019-06-08 15:06:25','2010-09-15 16:06:26'),
	(37,5,'Выполнен','2005-02-10 08:11:06','1981-04-26 20:14:17'),
	(38,42,'Отменен','1973-01-02 17:37:39','1982-11-03 00:16:27'),
	(39,72,'Отменен','1991-08-13 03:54:05','2007-07-14 03:57:14'),
	(40,45,'Выполнен','1971-08-24 20:30:04','1983-08-21 21:26:00');

INSERT INTO orders_products (order_id, product_id, price, products_count)
VALUES 
	(4,30,58301, 1),
	(14,3,35073, 1),
	(36,30,61007, 1),
	(4,40,9897, 2),
	(29,31,14820, 3),
	(17,49,39942, 3),
	(18,11,68965, 1),
	(23,29,55967, 1),
	(29,23,47660, 2),
	(9,31,34484, 1),
	(38,31,40548, 3),
	(31,20,96847, 1),
	(11,5,80242, 2),
	(31,37,61206, 1),
	(14,28,15741, 3),
	(36,22,87548, 1),
	(6,12,92110, 2),
	(19,2,41722, 1),
	(33,28,49466, 2),
	(34,27,69509, 2),
	(7,12,65726, 1),
	(21,31,52406, 1),
	(18,4,76815, 3),
	(8,8,75583, 1),
	(22,20,5778, 3),
	(31,24,46946, 1),
	(40,26,54922, 1),
	(35,14,1169, 1),
	(25,32,93719, 2),
	(40,48,36069, 1),
	(7,44,48107, 1),
	(15,16,83704, 3),
	(5,42,14088, 3),
	(15,47,72669, 1),
	(16,10,42691, 1),
	(19,28,27480, 1),
	(2,18,95610, 1),
	(1,29,12124, 1),
	(30,39,53124, 2),
	(2,36,59728, 1),
	(12,47,90709, 1),
	(40,45,69636, 2),
	(22,49,55875, 1),
	(34,36,66979, 1),
	(34,11,90760, 1),
	(2,48,74523, 3),
	(3,20,62264, 1),
	(36,23,62317, 1);

INSERT INTO reviews (id, rating, user_id, product_id, body, created_at, updated_at)
VALUES 
	(1,'1',24,36,'Atque atque aut est est similique. Eum dolores doloribus voluptatem aut non tenetur. Est et vero et iure fugiat. Voluptatibus deserunt dolores quia iusto repellendus aut nulla molestias.','2015-03-22 00:18:38','2001-08-04 05:45:34'),
	(2,'5',35,24,'Quo quia accusamus aspernatur. Sit sint in saepe sit tempora nulla voluptas. Aut inventore eum doloremque aut ex et.','1981-05-16 11:40:48','1996-03-02 06:41:23'),
	(3,'5',2,1,'Voluptatum dicta quasi aliquid veniam quae et. Suscipit expedita aut voluptatem ratione vel est quo. Nemo eum quas dolorem vero ut. Consectetur fuga aut quas sint. Est atque soluta maxime doloremque alias ducimus voluptas aut.','1983-01-26 22:45:03','2017-05-14 15:26:32'),
	(4,'3',42,49,'Aut illo voluptates ex repudiandae cum saepe occaecati. Sed natus facilis nobis recusandae. Ipsa labore eaque facilis molestias debitis voluptatibus dolor harum.','1980-07-12 12:46:35','1976-05-17 17:14:55'),
	(5,'1',4,37,'Pariatur cum exercitationem ut repudiandae perferendis corrupti. Aspernatur hic placeat officia dignissimos reiciendis hic officiis. Aspernatur sed est quas sunt delectus. Quam saepe eum qui. Cum voluptatem ea quos recusandae ipsum cupiditate.','2006-11-18 04:44:05','2013-02-01 08:49:48'),
	(6,'4',33,7,'Culpa iure est eveniet assumenda et. Perferendis ut consequatur quas ut quidem non. Et voluptatem in quas est similique. Quia qui dolor illum omnis dolor quo.','2000-05-14 04:09:32','1978-11-25 05:45:11'),
	(7,'3',93,1,'Nostrum aspernatur iure odit velit. Impedit quam cum omnis at ut doloribus. Ut non consequatur modi exercitationem.','2009-07-31 00:15:52','1994-08-16 07:14:54'),
	(8,'1',14,34,'Repellat rem enim doloremque et recusandae. Dignissimos commodi autem corporis sint. Tempora provident ipsum esse natus fuga omnis.','1976-09-14 10:03:16','1980-06-07 22:30:43'),
	(9,'1',99,15,'Quibusdam at enim dolore quas non aut. Adipisci excepturi adipisci consequatur veritatis quia et. Explicabo dignissimos quis sed consequatur est consequatur non. Eaque neque reiciendis nemo voluptas nam.','2008-02-19 13:44:08','2019-12-20 16:40:15'),
	(10,'2',52,44,'Ut ducimus ex ducimus consectetur qui consequuntur asperiores. Eligendi natus ut doloribus corrupti blanditiis error. Occaecati cum excepturi consequatur doloribus et est perspiciatis.','1985-03-27 04:47:42','1984-11-15 09:55:21'),
	(11,'4',85,6,'Iure ex quia ut adipisci delectus quo. Ab reiciendis cumque omnis sunt repellat voluptatibus magni. Et non nostrum sunt et earum distinctio. Qui esse sapiente molestiae vero iste ullam.','1978-04-18 01:44:59','2008-11-29 18:19:36'),
	(12,'3',84,23,'Nihil deleniti harum et et natus rerum. Sed ut inventore earum debitis ipsa vel. Ea similique vel voluptatibus nostrum vero. Quia quo eaque commodi dolores dolorum.','2019-08-31 18:53:28','1992-07-15 20:18:22'),
	(13,'5',32,23,'Id reprehenderit earum quod voluptas nihil aliquid qui. Minima est vero quos doloremque similique animi. Quae magni et veritatis quo qui et. Similique sit hic ea quas tempora qui.','2018-05-09 05:48:57','1972-02-22 04:46:40'),
	(14,'3',65,44,'Necessitatibus minus est in vel. Omnis quasi non dolorem rerum impedit sequi. Saepe eius id optio recusandae magni laborum voluptates.','1980-05-15 07:53:08','1981-10-02 22:48:39'),
	(15,'2',98,46,'Est voluptatibus totam aut accusantium iusto eligendi magnam. Minima id quas quia expedita doloribus veniam. Quia doloribus consequatur distinctio maiores qui et. Voluptate impedit eligendi beatae quo ducimus sed culpa.','2003-07-21 14:15:51','1975-10-26 07:08:06'),
	(16,'4',9,12,'Esse consequatur voluptate quo temporibus. Totam vel nam qui officia esse quo deleniti occaecati. Voluptatem qui fuga et voluptas officiis velit temporibus ea. Veniam quis molestiae magnam ut non similique deserunt.','1994-04-15 22:19:45','1976-01-09 13:12:38'),
	(17,'5',23,9,'Totam sed temporibus quia dolorum. Tempore possimus maiores eaque ea et delectus perspiciatis. In dolor veritatis in illo.','1992-01-12 00:57:59','1999-09-22 10:49:44'),
	(18,'1',49,15,'Nam eveniet velit veritatis et qui rerum delectus. Officiis beatae nostrum et sapiente sed. Cumque fugit inventore dolores asperiores perspiciatis sunt possimus doloribus. Blanditiis quidem praesentium maxime aut.','1976-06-21 08:29:24','1993-11-07 18:34:50'),
	(19,'3',7,15,'Est porro dolor non illo rerum ut vitae. Repellat possimus et nostrum debitis id eos. Laudantium quo et vel quia laboriosam. Ea nobis et facilis est similique itaque sit. In pariatur quod error sit ut sit.','1990-08-26 07:26:40','2002-09-13 14:38:10'),
	(20,'5',72,40,'Totam provident suscipit assumenda nisi. Possimus deleniti alias et.','2006-08-15 03:28:52','1997-09-30 08:09:27'),
	(21,'3',34,32,'Earum assumenda aperiam dolores eligendi atque voluptas. Quis architecto labore sit deleniti. Rerum reprehenderit facere minus. Doloremque fugit explicabo sit dignissimos eos.','2007-03-19 14:56:17','1987-01-25 06:21:56'),
	(22,'4',67,24,'Et nihil molestiae velit sint. Aperiam quasi beatae provident ducimus aliquam ut corrupti. Unde provident quam aut. Minus quo illum consequatur voluptas quis eaque culpa.','2003-01-08 10:06:38','2004-02-26 07:43:38'),
	(23,'2',46,40,'Corporis voluptatibus qui aut sed. Aut minus veritatis aliquid aut et. Qui non quasi qui molestias nihil tenetur perferendis.','2005-06-14 21:08:06','2007-04-02 11:28:56'),
	(24,'4',27,23,'Odit sit ex consequatur aspernatur. A illo dolores rem nulla quod.','1970-08-20 00:21:50','1991-10-26 20:41:45'),
	(25,'1',4,21,'Maxime qui cumque assumenda at magnam quae qui. Voluptate sed eum ducimus pariatur. At qui sit ea. In dolorem dolores magni.','2021-09-02 14:55:19','1990-02-04 11:13:54'),
	(26,'3',54,26,'Et quis et voluptate similique ipsum iure. Quae vero dicta ea nemo. Enim commodi impedit sunt sunt consequatur aut. Excepturi repudiandae nobis molestias consectetur.','1993-06-04 14:29:16','1979-04-07 00:18:59'),
	(27,'4',18,37,'Consectetur ea pariatur reiciendis vel quo commodi sint suscipit. Distinctio temporibus recusandae ducimus minus. Fugiat qui eligendi quae non. Ab sapiente ea et illo et.','1975-01-17 01:24:54','2022-03-29 21:35:36'),
	(28,'1',82,12,'Necessitatibus molestias dolor iure suscipit suscipit. Optio fuga exercitationem impedit tempora commodi inventore. Impedit quidem deleniti minima odio. Ratione labore occaecati non numquam nam debitis fugiat.','1973-04-20 21:06:36','1977-04-16 02:19:43'),
	(29,'3',13,15,'Molestiae repudiandae neque deleniti velit esse quasi ad. Cupiditate aut similique laudantium. Sed tempora consequuntur doloremque impedit nisi dolorem ullam et.','2013-06-22 09:08:50','2007-07-18 00:14:40'),
	(30,'4',74,50,'Dolore error accusamus occaecati explicabo. Est quia iste et optio laborum nobis. Debitis sed provident aut voluptatum. Facere nobis excepturi cum enim et eaque.','2010-05-27 16:39:42','2019-07-07 11:04:49'),
	(31,'5',21,17,'Ratione facilis dolor ad itaque. Temporibus temporibus et est quae. Optio quam ea nisi eos ut voluptatum alias optio.','2009-07-20 02:16:00','2005-05-31 01:08:04'),
	(32,'4',78,50,'Ea est provident odio. Molestiae dolores nesciunt voluptatum. Cupiditate pariatur non quos et recusandae est. Error excepturi aliquam quia fugit enim asperiores.','1982-08-08 01:50:28','1997-05-15 05:43:36'),
	(33,'2',80,23,'Explicabo molestias dolorum impedit recusandae saepe voluptates sint. Distinctio officiis tempora officia ab officia nostrum. Eos officiis vel incidunt est quis ipsa. Sunt nostrum iusto et vel laudantium. Architecto possimus est delectus numquam.','2003-11-04 03:04:52','2010-07-17 00:49:39'),
	(34,'3',28,36,'Voluptate eveniet omnis omnis voluptatem ducimus voluptatem. Suscipit porro atque odio et doloribus dolor tempora. Velit fugiat ut cupiditate nisi. Qui odit aut deserunt.','2016-10-01 04:02:11','1974-03-26 09:19:52'),
	(35,'1',63,38,'Debitis et quos amet est explicabo temporibus. Qui perspiciatis dolorum eius consequatur soluta ut magni maiores. Perferendis animi aut non repellendus ipsum a.','1999-04-05 02:30:31','1983-08-05 13:20:26'),
	(36,'2',90,15,'Autem quia voluptas exercitationem voluptas dolorem est ducimus accusamus. Nulla occaecati doloribus dolorem excepturi odit aut. Dolores et voluptates atque possimus ratione.','1994-11-02 00:40:10','1980-06-20 05:52:10'),
	(37,'5',39,24,'Omnis ratione voluptatibus quae cum repellendus voluptatibus earum. Omnis repudiandae molestias labore nemo similique assumenda.','2004-04-19 16:03:46','1976-11-07 11:37:03'),
	(38,'5',5,14,'Rerum vero perferendis fugiat architecto non cumque. Illo nulla placeat cum consequatur expedita. In dolore numquam nam dolor ab distinctio minus facere.','1995-06-25 11:35:11','2014-07-12 03:14:55'),
	(39,'3',100,20,'Est enim distinctio iusto. Molestiae quo enim iste.','1981-01-28 01:04:20','2017-08-29 17:30:13'),
	(40,'3',25,7,'Occaecati ut expedita eum rerum reprehenderit voluptates corrupti id. Nemo doloribus corrupti earum recusandae et. Esse explicabo rerum modi aliquid. Est ut eaque ratione veniam id delectus. Pariatur dolores est iusto et consequuntur fugit.','1990-03-01 02:15:25','2022-02-18 18:12:51'),
	(41,'2',29,17,'Enim provident aut nesciunt praesentium. Vitae facere quam ratione minima omnis unde harum. Non nulla autem deserunt officia omnis quos quidem.','2020-06-03 23:33:32','2015-08-16 18:33:05'),
	(42,'2',97,6,'Sunt dicta harum recusandae ea. Dolorem beatae perferendis dolores. Voluptatem eum ea qui accusamus non.','1992-07-16 22:06:16','1987-12-07 10:32:29'),
	(43,'3',12,46,'Quia error esse quaerat occaecati. Amet vel dolor aut quasi aut. Maiores molestiae cupiditate vitae amet asperiores. Voluptate voluptates rerum ut non dignissimos ut.','1988-02-29 11:23:00','2017-03-31 01:05:12'),
	(44,'2',7,10,'Dicta nemo minus temporibus dolorem perspiciatis repellat dicta. Quia suscipit tempore vel. Ut velit rem animi velit ea enim porro.','2003-02-04 01:10:30','1977-01-21 15:44:31'),
	(45,'1',46,42,'A dignissimos voluptatum reiciendis iusto dolorem aut perspiciatis. Quasi autem iure sed ipsam. Asperiores ea mollitia sint. Distinctio nihil qui sed delectus.','2004-07-08 19:25:26','1997-11-14 19:25:33'),
	(46,'2',26,36,'Sint eum distinctio ea et quidem velit. Eaque illo nisi veniam enim at quos. Debitis optio pariatur velit eum aut pariatur.','2016-02-01 17:49:32','1972-07-01 16:13:05'),
	(47,'3',57,6,'Ad asperiores enim odio et cumque possimus et adipisci. Libero eum et qui rerum beatae. Adipisci veniam itaque harum omnis nemo.','1977-04-24 04:42:21','2002-09-11 06:15:24'),
	(48,'2',60,8,'Dolorem et aut possimus natus sit eos est. Velit itaque sit ad maxime voluptatem recusandae. Autem qui aut porro esse reiciendis minima.','1982-05-02 06:34:51','2012-04-03 00:48:36'),
	(49,'4',86,8,'Et nemo voluptatibus ut dignissimos. Debitis nesciunt cupiditate quia saepe iusto. Excepturi laudantium quia voluptatem quasi optio. Expedita delectus inventore voluptatem quia laborum. Fuga aut ratione animi dolor fugiat unde.','1975-10-10 20:57:20','2003-03-05 02:40:59'),
	(50,'4',40,20,'Est quasi eos quam placeat enim. Quod quis ex omnis sed rerum omnis.','2015-10-04 10:57:46','1988-10-17 01:10:13');

INSERT INTO reviews_photos (review_id, photo_id)
VALUES 
	(45,129),
	(10,65),
	(35,57),
	(26,14),
	(14,103),
	(8,145),
	(22,112),
	(24,3),
	(3,115),
	(30,46),
	(43,146),
	(21,144),
	(44,99),
	(45,132),
	(48,12),
	(3,129),
	(47,38),
	(15,95),
	(32,120),
	(36,136),
	(24,130),
	(44,137),
	(31,52),
	(47,99),
	(6,77),
	(49,144),
	(24,57),
	(46,53),
	(2,123),
	(12,149),
	(45,43),
	(43,124),
	(27,20),
	(23,25),
	(47,26),
	(4,61),
	(2,141),
	(16,97),
	(15,37),
	(16,58),
	(38,40),
	(18,35),
	(33,40),
	(29,102),
	(4,121),
	(34,146),
	(5,77),
	(40,93),
	(32,38),
	(39,85),
	(21,128),
	(49,68),
	(40,42),
	(5,10),
	(26,60),
	(23,41),
	(34,119),
	(25,46),
	(3,11),
	(50,20),
	(44,97),
	(6,143),
	(8,135),
	(29,119),
	(8,53),
	(18,85),
	(10,48),
	(1,148),
	(30,18),
	(3,18),
	(26,76),
	(20,27),
	(15,132),
	(25,53),
	(48,70),
	(24,123),
	(6,88),
	(39,40),
	(25,51),
	(3,95),
	(35,62),
	(10,133),
	(37,33),
	(44,49),
	(17,138),
	(22,128),
	(21,124),
	(2,107),
	(35,77),
	(3,97),
	(49,81),
	(23,14),
	(6,34),
	(18,91),
	(29,62),
	(12,38),
	(41,65),
	(7,83),
	(33,150),
	(44,147);

INSERT INTO discounts (id, user_id, product_id, discount, started_at, finished_at, created_at, updated_at)
VALUES 
	(1,17,41,0.6,'2022-10-11 02:23:16','2022-07-05 21:25:52','2013-02-02 15:04:36','1983-06-01 18:51:00'),
	(2,96,3,0.6,'2022-04-28 23:03:30','2022-10-08 23:15:39','2021-03-05 15:32:43','1980-10-10 07:44:33'),
	(3,28,47,0.2,'2022-01-03 10:27:50','2022-02-20 12:33:52','2008-01-27 10:52:16','1979-02-20 00:17:02'),
	(4,8,25,0.3,'2022-02-12 19:28:29','2022-10-28 22:47:35','1992-03-14 06:48:27','2004-10-18 12:07:52'),
	(5,24,1,0.4,'2022-05-23 14:16:51','2022-05-02 14:04:44','1987-04-25 13:05:07','2008-09-03 11:28:28'),
	(6,6,22,0.2,'2022-11-20 23:32:47','2022-03-09 03:28:59','2005-05-20 22:56:30','1976-07-17 06:14:57'),
	(7,12,12,0.8,'2022-06-03 21:08:15','2022-11-06 11:44:07','2001-11-08 13:31:53','2012-10-13 01:51:27'),
	(8,48,25,0.1,'2022-08-12 06:16:10','2022-05-02 23:08:07','2012-12-28 04:21:05','1977-09-04 18:26:56'),
	(9,96,13,0.4,'2022-11-27 20:46:19','2022-03-14 19:18:32','2000-02-05 14:30:06','1988-10-02 04:00:09'),
	(10,77,5,0.5,'2022-04-25 08:25:49','2022-07-03 14:14:14','2010-10-05 19:09:39','1989-11-26 06:41:19'),
	(11,33,49,0.5,'2022-03-02 16:58:58','2022-11-29 12:53:00','2004-02-03 22:42:47','1987-11-10 00:35:18'),
	(12,81,46,0.1,'2022-07-16 10:53:36','2022-09-28 20:36:49','1991-01-16 10:11:32','2014-12-05 01:34:02'),
	(13,17,4,0.1,'2022-01-14 14:19:57','2022-04-16 04:00:21','1988-10-18 06:39:26','1980-01-17 06:53:59'),
	(14,25,20,0.6,'2022-03-17 07:35:25','2022-02-20 08:00:12','2006-11-16 07:01:18','1979-12-15 02:24:23'),
	(15,81,49,0.7,'2022-04-23 20:27:24','2022-09-04 17:28:19','2011-11-27 23:54:40','1980-01-11 06:06:27'),
	(16,71,49,0.2,'2022-11-24 19:19:55','2022-12-21 16:39:03','2015-07-20 12:40:57','1970-04-26 16:52:29'),
	(17,78,34,0.5,'2022-02-01 15:08:24','2022-07-01 14:51:03','1983-01-28 05:35:48','1989-11-01 10:34:24'),
	(18,3,3,0.7,'2022-09-13 05:44:24','2022-04-29 04:30:22','1993-10-29 03:00:42','1994-02-19 01:09:42'),
	(19,59,5,0.5,'2022-10-08 03:36:26','2022-01-01 21:37:04','1970-04-23 13:15:14','2002-03-11 08:12:16'),
	(20,55,42,0.4,'2022-09-09 23:48:35','2022-11-05 13:45:40','1982-12-30 11:49:21','1996-09-20 00:48:04');
